Random/Known,max_iterations,tabu_size,num_cities,coordinates,execution_time,memory_used,best_route,best_distance
Known,5,10,10,"[(60, 87), (13, 53), (66, 5), (38, 39), (79, 33), (38, 95), (73, 40), (39, 18), (51, 39), (90, 57)]",0.0019927024841308,89.734375,[1 3 8 7 6 4 2 9 0 5],318.41151539461407
Known,10,10,10,"[(60, 87), (13, 53), (66, 5), (38, 39), (79, 33), (38, 95), (73, 40), (39, 18), (51, 39), (90, 57)]",0.0084197521209716,96.87890625,[0 5 1 3 8 7 2 4 6 9],274.6515963667615
Known,50,10,10,"[(60, 87), (13, 53), (66, 5), (38, 39), (79, 33), (38, 95), (73, 40), (39, 18), (51, 39), (90, 57)]",0.0301709175109863,97.4765625,[7 8 3 1 5 0 9 6 4 2],274.6515963667615
Known,100,10,10,"[(60, 87), (13, 53), (66, 5), (38, 39), (79, 33), (38, 95), (73, 40), (39, 18), (51, 39), (90, 57)]",0.0580449104309082,99.25390625,[2 4 6 9 0 5 1 3 8 7],274.65159636676145
Known,200,10,10,"[(60, 87), (13, 53), (66, 5), (38, 39), (79, 33), (38, 95), (73, 40), (39, 18), (51, 39), (90, 57)]",0.1043875217437744,101.8984375,[7 2 4 6 9 0 5 1 3 8],274.65159636676145
Known,500,10,10,"[(60, 87), (13, 53), (66, 5), (38, 39), (79, 33), (38, 95), (73, 40), (39, 18), (51, 39), (90, 57)]",0.1968841552734375,101.8359375,[6 9 0 5 1 3 8 7 2 4],274.65159636676145
Known,1000,10,10,"[(60, 87), (13, 53), (66, 5), (38, 39), (79, 33), (38, 95), (73, 40), (39, 18), (51, 39), (90, 57)]",0.3966495990753174,103.44921875,[3 1 5 0 9 6 4 2 7 8],274.6515963667615
Known,5000,10,10,"[(60, 87), (13, 53), (66, 5), (38, 39), (79, 33), (38, 95), (73, 40), (39, 18), (51, 39), (90, 57)]",1.9328498840332031,105.625,[0 9 6 4 2 7 8 3 1 5],274.65159636676145
Known,5,20,10,"[(60, 87), (13, 53), (66, 5), (38, 39), (79, 33), (38, 95), (73, 40), (39, 18), (51, 39), (90, 57)]",0.0019929409027099,106.18359375,[6 9 0 5 1 3 8 7 2 4],274.65159636676145
Known,10,20,10,"[(60, 87), (13, 53), (66, 5), (38, 39), (79, 33), (38, 95), (73, 40), (39, 18), (51, 39), (90, 57)]",0.009364366531372,108.3125,[5 0 9 6 4 2 7 8 3 1],274.65159636676145
Known,50,20,10,"[(60, 87), (13, 53), (66, 5), (38, 39), (79, 33), (38, 95), (73, 40), (39, 18), (51, 39), (90, 57)]",0.0315198898315429,110.62109375,[6 4 2 7 8 3 1 5 0 9],274.6515963667615
Known,100,20,10,"[(60, 87), (13, 53), (66, 5), (38, 39), (79, 33), (38, 95), (73, 40), (39, 18), (51, 39), (90, 57)]",0.0675277709960937,114.8125,[1 5 0 9 6 4 2 7 8 3],274.6515963667615
Known,200,20,10,"[(60, 87), (13, 53), (66, 5), (38, 39), (79, 33), (38, 95), (73, 40), (39, 18), (51, 39), (90, 57)]",0.1239941120147705,114.84375,[7 2 4 6 9 0 5 1 3 8],274.65159636676145
Known,500,20,10,"[(60, 87), (13, 53), (66, 5), (38, 39), (79, 33), (38, 95), (73, 40), (39, 18), (51, 39), (90, 57)]",0.2159521579742431,116.4296875,[0 5 1 3 8 7 2 4 6 9],274.6515963667615
Known,1000,20,10,"[(60, 87), (13, 53), (66, 5), (38, 39), (79, 33), (38, 95), (73, 40), (39, 18), (51, 39), (90, 57)]",0.391719102859497,116.94921875,[8 3 1 5 0 9 6 4 2 7],274.6515963667615
Known,5000,20,10,"[(60, 87), (13, 53), (66, 5), (38, 39), (79, 33), (38, 95), (73, 40), (39, 18), (51, 39), (90, 57)]",2.07633638381958,117.15234375,[2 4 6 9 0 5 1 3 8 7],274.65159636676145
Known,5,40,10,"[(60, 87), (13, 53), (66, 5), (38, 39), (79, 33), (38, 95), (73, 40), (39, 18), (51, 39), (90, 57)]",0.0059809684753417,121.375,[3 1 5 0 9 6 4 2 7 8],274.6515963667615
Known,10,40,10,"[(60, 87), (13, 53), (66, 5), (38, 39), (79, 33), (38, 95), (73, 40), (39, 18), (51, 39), (90, 57)]",0.008265733718872,122.45703125,[8 3 1 5 0 9 6 4 2 7],274.6515963667615
Known,50,40,10,"[(60, 87), (13, 53), (66, 5), (38, 39), (79, 33), (38, 95), (73, 40), (39, 18), (51, 39), (90, 57)]",0.0361530780792236,105.7578125,[7 2 4 6 9 0 5 1 3 8],274.65159636676145
Known,100,40,10,"[(60, 87), (13, 53), (66, 5), (38, 39), (79, 33), (38, 95), (73, 40), (39, 18), (51, 39), (90, 57)]",0.0726323127746582,107.12890625,[3 1 5 0 9 6 4 2 7 8],274.6515963667615
Known,200,40,10,"[(60, 87), (13, 53), (66, 5), (38, 39), (79, 33), (38, 95), (73, 40), (39, 18), (51, 39), (90, 57)]",0.1148338317871093,109.43359375,[2 7 8 3 1 5 0 9 6 4],274.65159636676145
Known,500,40,10,"[(60, 87), (13, 53), (66, 5), (38, 39), (79, 33), (38, 95), (73, 40), (39, 18), (51, 39), (90, 57)]",0.2704567909240722,108.06640625,[0 5 1 3 8 7 2 4 6 9],274.6515963667615
Known,1000,40,10,"[(60, 87), (13, 53), (66, 5), (38, 39), (79, 33), (38, 95), (73, 40), (39, 18), (51, 39), (90, 57)]",0.4581842422485351,109.1015625,[7 2 4 6 9 0 5 1 3 8],274.65159636676145
Known,5000,40,10,"[(60, 87), (13, 53), (66, 5), (38, 39), (79, 33), (38, 95), (73, 40), (39, 18), (51, 39), (90, 57)]",2.144211530685425,110.69921875,[1 3 8 7 2 4 6 9 0 5],274.65159636676145
Known,5,50,10,"[(60, 87), (13, 53), (66, 5), (38, 39), (79, 33), (38, 95), (73, 40), (39, 18), (51, 39), (90, 57)]",0.003986120223999,112.625,[0 9 4 6 8 2 7 3 1 5],289.1615719848431
Known,10,50,10,"[(60, 87), (13, 53), (66, 5), (38, 39), (79, 33), (38, 95), (73, 40), (39, 18), (51, 39), (90, 57)]",0.0081286430358886,112.87890625,[7 2 4 6 9 0 5 1 3 8],274.65159636676145
Known,50,50,10,"[(60, 87), (13, 53), (66, 5), (38, 39), (79, 33), (38, 95), (73, 40), (39, 18), (51, 39), (90, 57)]",0.0282409191131591,114.19921875,[2 4 6 9 0 5 1 3 8 7],274.65159636676145
Known,100,50,10,"[(60, 87), (13, 53), (66, 5), (38, 39), (79, 33), (38, 95), (73, 40), (39, 18), (51, 39), (90, 57)]",0.0807504653930664,117.47265625,[7 2 4 6 9 0 5 1 3 8],274.65159636676145
Known,200,50,10,"[(60, 87), (13, 53), (66, 5), (38, 39), (79, 33), (38, 95), (73, 40), (39, 18), (51, 39), (90, 57)]",0.1522002220153808,116.0546875,[6 9 0 5 1 3 8 7 2 4],274.65159636676145
Known,500,50,10,"[(60, 87), (13, 53), (66, 5), (38, 39), (79, 33), (38, 95), (73, 40), (39, 18), (51, 39), (90, 57)]",0.2993957996368408,118.28515625,[2 4 6 9 0 5 1 3 8 7],274.65159636676145
Known,1000,50,10,"[(60, 87), (13, 53), (66, 5), (38, 39), (79, 33), (38, 95), (73, 40), (39, 18), (51, 39), (90, 57)]",0.4560713768005371,120.68359375,[9 0 5 1 3 8 7 2 4 6],274.65159636676145
Known,5000,50,10,"[(60, 87), (13, 53), (66, 5), (38, 39), (79, 33), (38, 95), (73, 40), (39, 18), (51, 39), (90, 57)]",2.155930519104004,118.515625,[0 9 6 4 2 7 8 3 1 5],274.65159636676145
Known,5,80,10,"[(60, 87), (13, 53), (66, 5), (38, 39), (79, 33), (38, 95), (73, 40), (39, 18), (51, 39), (90, 57)]",0.0020534992218017,122.22265625,[9 6 4 2 8 7 3 1 5 0],289.8705526329708
Known,10,80,10,"[(60, 87), (13, 53), (66, 5), (38, 39), (79, 33), (38, 95), (73, 40), (39, 18), (51, 39), (90, 57)]",0.0040633678436279,122.91015625,[8 3 1 5 0 9 6 4 2 7],274.6515963667615
Known,50,80,10,"[(60, 87), (13, 53), (66, 5), (38, 39), (79, 33), (38, 95), (73, 40), (39, 18), (51, 39), (90, 57)]",0.0253078937530517,106.3203125,[9 0 5 1 3 8 7 2 4 6],274.65159636676145
Known,100,80,10,"[(60, 87), (13, 53), (66, 5), (38, 39), (79, 33), (38, 95), (73, 40), (39, 18), (51, 39), (90, 57)]",0.0742974281311035,107.74609375,[6 9 0 5 1 3 8 7 2 4],274.65159636676145
Known,200,80,10,"[(60, 87), (13, 53), (66, 5), (38, 39), (79, 33), (38, 95), (73, 40), (39, 18), (51, 39), (90, 57)]",0.1132619380950927,108.15625,[9 0 5 1 3 8 7 2 4 6],274.65159636676145
Known,500,80,10,"[(60, 87), (13, 53), (66, 5), (38, 39), (79, 33), (38, 95), (73, 40), (39, 18), (51, 39), (90, 57)]",0.3159446716308594,110.07421875,[1 3 8 7 2 4 6 9 0 5],274.65159636676145
Known,1000,80,10,"[(60, 87), (13, 53), (66, 5), (38, 39), (79, 33), (38, 95), (73, 40), (39, 18), (51, 39), (90, 57)]",0.4621407985687256,109.84375,[9 0 5 1 3 8 7 2 4 6],274.65159636676145
Known,5000,80,10,"[(60, 87), (13, 53), (66, 5), (38, 39), (79, 33), (38, 95), (73, 40), (39, 18), (51, 39), (90, 57)]",2.430275678634644,111.1171875,[6 9 0 5 1 3 8 7 2 4],274.65159636676145
Known,5,100,10,"[(60, 87), (13, 53), (66, 5), (38, 39), (79, 33), (38, 95), (73, 40), (39, 18), (51, 39), (90, 57)]",0.004061222076416,113.01171875,[7 2 4 6 9 0 5 1 8 3],283.33243506233885
Known,10,100,10,"[(60, 87), (13, 53), (66, 5), (38, 39), (79, 33), (38, 95), (73, 40), (39, 18), (51, 39), (90, 57)]",0.0053639411926269,113.06640625,[9 0 5 1 3 8 7 2 4 6],274.65159636676145
Known,50,100,10,"[(60, 87), (13, 53), (66, 5), (38, 39), (79, 33), (38, 95), (73, 40), (39, 18), (51, 39), (90, 57)]",0.0201220512390136,114.58984375,[4 2 7 8 3 1 5 0 9 6],274.6515963667615
Known,100,100,10,"[(60, 87), (13, 53), (66, 5), (38, 39), (79, 33), (38, 95), (73, 40), (39, 18), (51, 39), (90, 57)]",0.0667183399200439,118.11328125,[2 7 8 3 1 5 0 9 6 4],274.65159636676145
Known,200,100,10,"[(60, 87), (13, 53), (66, 5), (38, 39), (79, 33), (38, 95), (73, 40), (39, 18), (51, 39), (90, 57)]",0.1052112579345703,118.98828125,[6 9 0 5 1 3 8 7 2 4],274.65159636676145
Known,500,100,10,"[(60, 87), (13, 53), (66, 5), (38, 39), (79, 33), (38, 95), (73, 40), (39, 18), (51, 39), (90, 57)]",0.2239394187927246,119.0234375,[4 6 9 0 5 1 3 8 7 2],274.65159636676145
Known,1000,100,10,"[(60, 87), (13, 53), (66, 5), (38, 39), (79, 33), (38, 95), (73, 40), (39, 18), (51, 39), (90, 57)]",0.534888505935669,118.93359375,[5 0 9 6 4 2 7 8 3 1],274.65159636676145
Known,5000,100,10,"[(60, 87), (13, 53), (66, 5), (38, 39), (79, 33), (38, 95), (73, 40), (39, 18), (51, 39), (90, 57)]",2.2814817428588867,120.3828125,[6 9 0 5 1 3 8 7 2 4],274.65159636676145
Known,5,200,10,"[(60, 87), (13, 53), (66, 5), (38, 39), (79, 33), (38, 95), (73, 40), (39, 18), (51, 39), (90, 57)]",0.00199556350708,122.79296875,[1 3 7 2 4 9 0 5 6 8],330.46245713155224
Known,10,200,10,"[(60, 87), (13, 53), (66, 5), (38, 39), (79, 33), (38, 95), (73, 40), (39, 18), (51, 39), (90, 57)]",0.0039913654327392,107.3203125,[6 4 2 7 8 3 1 5 0 9],274.6515963667615
Known,50,200,10,"[(60, 87), (13, 53), (66, 5), (38, 39), (79, 33), (38, 95), (73, 40), (39, 18), (51, 39), (90, 57)]",0.0179231166839599,108.6875,[7 2 4 6 9 0 5 1 3 8],274.65159636676145
Known,100,200,10,"[(60, 87), (13, 53), (66, 5), (38, 39), (79, 33), (38, 95), (73, 40), (39, 18), (51, 39), (90, 57)]",0.0398645401000976,108.79296875,[2 7 8 3 1 5 0 9 6 4],274.65159636676145
Known,200,200,10,"[(60, 87), (13, 53), (66, 5), (38, 39), (79, 33), (38, 95), (73, 40), (39, 18), (51, 39), (90, 57)]",0.0893285274505615,110.23828125,[2 4 6 9 0 5 1 3 8 7],274.65159636676145
Known,500,200,10,"[(60, 87), (13, 53), (66, 5), (38, 39), (79, 33), (38, 95), (73, 40), (39, 18), (51, 39), (90, 57)]",0.319375991821289,110.50390625,[5 0 9 6 4 2 7 8 3 1],274.65159636676145
Known,1000,200,10,"[(60, 87), (13, 53), (66, 5), (38, 39), (79, 33), (38, 95), (73, 40), (39, 18), (51, 39), (90, 57)]",0.5548865795135498,111.53125,[2 4 6 9 0 5 1 3 8 7],274.65159636676145
Known,5000,200,10,"[(60, 87), (13, 53), (66, 5), (38, 39), (79, 33), (38, 95), (73, 40), (39, 18), (51, 39), (90, 57)]",2.867282152175904,111.796875,[6 9 0 5 1 3 8 7 2 4],274.65159636676145
Known,5,10,20,"[(60, 87), (13, 53), (66, 5), (38, 39), (79, 33), (38, 95), (73, 40), (39, 18), (51, 39), (90, 57), (42, 88), (76, 24), (55, 72), (19, 65), (81, 10), (64, 51), (33, 73), (94, 3), (27, 82), (59, 60)]",0.0131607055664062,90.890625,[ 4  8 11 14  3  1 13 18 16 19  7  2 17 15  0 12 10  5  9  6],564.8025619717939
Known,10,10,20,"[(60, 87), (13, 53), (66, 5), (38, 39), (79, 33), (38, 95), (73, 40), (39, 18), (51, 39), (90, 57), (42, 88), (76, 24), (55, 72), (19, 65), (81, 10), (64, 51), (33, 73), (94, 3), (27, 82), (59, 60)]",0.0506305694580078,97.78125,[10  0  5 16  3  8 15 19 12  9  4 14 17  2 11  6  7  1 13 18],452.6102883444761
Known,50,10,20,"[(60, 87), (13, 53), (66, 5), (38, 39), (79, 33), (38, 95), (73, 40), (39, 18), (51, 39), (90, 57), (42, 88), (76, 24), (55, 72), (19, 65), (81, 10), (64, 51), (33, 73), (94, 3), (27, 82), (59, 60)]",0.129465103149414,100.42578125,[16 18  5 10  0 12 19 15  9  6  4 11 14 17  2  7  8  3  1 13],345.1731913274446
Known,100,10,20,"[(60, 87), (13, 53), (66, 5), (38, 39), (79, 33), (38, 95), (73, 40), (39, 18), (51, 39), (90, 57), (42, 88), (76, 24), (55, 72), (19, 65), (81, 10), (64, 51), (33, 73), (94, 3), (27, 82), (59, 60)]",0.2741334438323974,103.1328125,[ 7  2 17 14  8  3 12 19 15  6 11  4  9  0 10  5 18 16 13  1],423.4771889502188
Known,200,10,20,"[(60, 87), (13, 53), (66, 5), (38, 39), (79, 33), (38, 95), (73, 40), (39, 18), (51, 39), (90, 57), (42, 88), (76, 24), (55, 72), (19, 65), (81, 10), (64, 51), (33, 73), (94, 3), (27, 82), (59, 60)]",0.5516071319580078,105.30078125,[ 9 15 19 12  0 10  5 18 16 13  1  3  8  7  2 17 14 11  4  6],345.17319132744467
Known,500,10,20,"[(60, 87), (13, 53), (66, 5), (38, 39), (79, 33), (38, 95), (73, 40), (39, 18), (51, 39), (90, 57), (42, 88), (76, 24), (55, 72), (19, 65), (81, 10), (64, 51), (33, 73), (94, 3), (27, 82), (59, 60)]",1.3246853351593018,107.76953125,[18 16 13  1  3  8  7  2 17 14 11  4  6  9 15 19 12  0 10  5],345.1731913274446
Known,1000,10,20,"[(60, 87), (13, 53), (66, 5), (38, 39), (79, 33), (38, 95), (73, 40), (39, 18), (51, 39), (90, 57), (42, 88), (76, 24), (55, 72), (19, 65), (81, 10), (64, 51), (33, 73), (94, 3), (27, 82), (59, 60)]",2.8078553676605225,110.3515625,[ 7  3  8  6 15 19  1 13 16 18  5 10  0 12  9  4 11 14 17  2],388.00807231365934
Known,5000,10,20,"[(60, 87), (13, 53), (66, 5), (38, 39), (79, 33), (38, 95), (73, 40), (39, 18), (51, 39), (90, 57), (42, 88), (76, 24), (55, 72), (19, 65), (81, 10), (64, 51), (33, 73), (94, 3), (27, 82), (59, 60)]",14.969835996627808,112.9375,[ 9 16 18  5 10  0 12 19 15  6  4 11  8  3 13  1  7  2 14 17],430.879187104212
Known,5,20,20,"[(60, 87), (13, 53), (66, 5), (38, 39), (79, 33), (38, 95), (73, 40), (39, 18), (51, 39), (90, 57), (42, 88), (76, 24), (55, 72), (19, 65), (81, 10), (64, 51), (33, 73), (94, 3), (27, 82), (59, 60)]",0.0134201049804687,117.109375,[16 10 19 15  6  9  0 12  8  4 11  3  1 18  5 13  2 17 14  7],599.7845808326935
Known,10,20,20,"[(60, 87), (13, 53), (66, 5), (38, 39), (79, 33), (38, 95), (73, 40), (39, 18), (51, 39), (90, 57), (42, 88), (76, 24), (55, 72), (19, 65), (81, 10), (64, 51), (33, 73), (94, 3), (27, 82), (59, 60)]",0.0268714427947998,119.76171875,[ 3  1 13 18 16 12 19 15  9 10  5  0  8  6  4 11 17 14  2  7],430.72791769084665
Known,50,20,20,"[(60, 87), (13, 53), (66, 5), (38, 39), (79, 33), (38, 95), (73, 40), (39, 18), (51, 39), (90, 57), (42, 88), (76, 24), (55, 72), (19, 65), (81, 10), (64, 51), (33, 73), (94, 3), (27, 82), (59, 60)]",0.135096788406372,122.40625,[ 2 11  8 12 19 15  6  4 14 17  9  0 10  5 18 16 13  1  3  7],427.7906535353789
Known,100,20,20,"[(60, 87), (13, 53), (66, 5), (38, 39), (79, 33), (38, 95), (73, 40), (39, 18), (51, 39), (90, 57), (42, 88), (76, 24), (55, 72), (19, 65), (81, 10), (64, 51), (33, 73), (94, 3), (27, 82), (59, 60)]",0.2708485126495361,125.01953125,[13 16 18  5 10  0 12 19  8  7  2 17 14 11  4  6  9 15  3  1],372.9854083672544
Known,200,20,20,"[(60, 87), (13, 53), (66, 5), (38, 39), (79, 33), (38, 95), (73, 40), (39, 18), (51, 39), (90, 57), (42, 88), (76, 24), (55, 72), (19, 65), (81, 10), (64, 51), (33, 73), (94, 3), (27, 82), (59, 60)]",0.548649787902832,126.1796875,[10  5 18 16 13  1  3  8  7  2 17 14 11  4  6  9 15 19 12  0],345.17319132744456
Known,500,20,20,"[(60, 87), (13, 53), (66, 5), (38, 39), (79, 33), (38, 95), (73, 40), (39, 18), (51, 39), (90, 57), (42, 88), (76, 24), (55, 72), (19, 65), (81, 10), (64, 51), (33, 73), (94, 3), (27, 82), (59, 60)]",1.4336674213409424,128.5234375,[ 7  8 19 12  0 10  5 18 16 13  1  3 15  9  6  4 11 14 17  2],372.9854083672546
Known,1000,20,20,"[(60, 87), (13, 53), (66, 5), (38, 39), (79, 33), (38, 95), (73, 40), (39, 18), (51, 39), (90, 57), (42, 88), (76, 24), (55, 72), (19, 65), (81, 10), (64, 51), (33, 73), (94, 3), (27, 82), (59, 60)]",2.773621797561645,131.05859375,[10  0 12 16  3  8 15 19  9  6  4 11 14 17  2  7  1 13 18  5],393.6734904862575
Known,5000,20,20,"[(60, 87), (13, 53), (66, 5), (38, 39), (79, 33), (38, 95), (73, 40), (39, 18), (51, 39), (90, 57), (42, 88), (76, 24), (55, 72), (19, 65), (81, 10), (64, 51), (33, 73), (94, 3), (27, 82), (59, 60)]",15.345642328262327,133.5625,[ 3  8  7  2 17 14 11  4  6  9 15 19 12  0 10  5 18 16 13  1],345.17319132744467
Known,5,40,20,"[(60, 87), (13, 53), (66, 5), (38, 39), (79, 33), (38, 95), (73, 40), (39, 18), (51, 39), (90, 57), (42, 88), (76, 24), (55, 72), (19, 65), (81, 10), (64, 51), (33, 73), (94, 3), (27, 82), (59, 60)]",0.0126726627349853,137.7265625,[ 3  7  1 18  5  0 10 16 13 12 19 17 14  2 11  4  9  6 15  8],462.0027906289616
Known,10,40,20,"[(60, 87), (13, 53), (66, 5), (38, 39), (79, 33), (38, 95), (73, 40), (39, 18), (51, 39), (90, 57), (42, 88), (76, 24), (55, 72), (19, 65), (81, 10), (64, 51), (33, 73), (94, 3), (27, 82), (59, 60)]",0.0265746116638183,140.3515625,[10  5  0  9  4  6  8  1  3  7  2 14 17 11 15 19 12 16 18 13],446.562271658828
Known,50,40,20,"[(60, 87), (13, 53), (66, 5), (38, 39), (79, 33), (38, 95), (73, 40), (39, 18), (51, 39), (90, 57), (42, 88), (76, 24), (55, 72), (19, 65), (81, 10), (64, 51), (33, 73), (94, 3), (27, 82), (59, 60)]",0.1656863689422607,142.94140625,[ 5 10  0  9  4 17 14  2 11  6 15  8  7  3  1 13 19 12 16 18],418.7978469868029
Known,100,40,20,"[(60, 87), (13, 53), (66, 5), (38, 39), (79, 33), (38, 95), (73, 40), (39, 18), (51, 39), (90, 57), (42, 88), (76, 24), (55, 72), (19, 65), (81, 10), (64, 51), (33, 73), (94, 3), (27, 82), (59, 60)]",0.3083558082580566,145.65234375,[13  1 15 19 12 10  5  0  9  6  4 11 14 17  2  7  8  3 16 18],413.4882293190727
Known,200,40,20,"[(60, 87), (13, 53), (66, 5), (38, 39), (79, 33), (38, 95), (73, 40), (39, 18), (51, 39), (90, 57), (42, 88), (76, 24), (55, 72), (19, 65), (81, 10), (64, 51), (33, 73), (94, 3), (27, 82), (59, 60)]",0.7415413856506348,148.36328125,[14 17  2  7  3  1 13 16 18  5 10  0 12 19  8 15  9  6  4 11],358.8785950503889
Known,500,40,20,"[(60, 87), (13, 53), (66, 5), (38, 39), (79, 33), (38, 95), (73, 40), (39, 18), (51, 39), (90, 57), (42, 88), (76, 24), (55, 72), (19, 65), (81, 10), (64, 51), (33, 73), (94, 3), (27, 82), (59, 60)]",1.7012856006622314,149.55859375,[19  3  8 15  9  6  4 11 14 17  2  7  1 13 16 18  5 10  0 12],373.0284399137456
Known,1000,40,20,"[(60, 87), (13, 53), (66, 5), (38, 39), (79, 33), (38, 95), (73, 40), (39, 18), (51, 39), (90, 57), (42, 88), (76, 24), (55, 72), (19, 65), (81, 10), (64, 51), (33, 73), (94, 3), (27, 82), (59, 60)]",3.4366707801818848,152.0859375,[ 9 15  8 19 12  0 10  5 18 16 13  1  3  7  2 17 14 11  4  6],358.878595050389
Known,5000,40,20,"[(60, 87), (13, 53), (66, 5), (38, 39), (79, 33), (38, 95), (73, 40), (39, 18), (51, 39), (90, 57), (42, 88), (76, 24), (55, 72), (19, 65), (81, 10), (64, 51), (33, 73), (94, 3), (27, 82), (59, 60)]",21.429139614105225,154.65234375,[ 1  3  7  2 17 14 11  8 16 18  5 10  0 12  9  4  6 15 19 13],426.6539061546281
Known,5,50,20,"[(60, 87), (13, 53), (66, 5), (38, 39), (79, 33), (38, 95), (73, 40), (39, 18), (51, 39), (90, 57), (42, 88), (76, 24), (55, 72), (19, 65), (81, 10), (64, 51), (33, 73), (94, 3), (27, 82), (59, 60)]",0.019982099533081,158.51953125,[ 4 17 11 14  2  7  0 16 18 13  1  3 15 19 12  5 10  9  6  8],516.1404227155828
Known,10,50,20,"[(60, 87), (13, 53), (66, 5), (38, 39), (79, 33), (38, 95), (73, 40), (39, 18), (51, 39), (90, 57), (42, 88), (76, 24), (55, 72), (19, 65), (81, 10), (64, 51), (33, 73), (94, 3), (27, 82), (59, 60)]",0.0286836624145507,161.36328125,[ 9  4 14 11 16  5 10  0 12  8 17  2  7  3 13  1 18 19 15  6],527.5959790103124
Known,50,50,20,"[(60, 87), (13, 53), (66, 5), (38, 39), (79, 33), (38, 95), (73, 40), (39, 18), (51, 39), (90, 57), (42, 88), (76, 24), (55, 72), (19, 65), (81, 10), (64, 51), (33, 73), (94, 3), (27, 82), (59, 60)]",0.1471180915832519,163.953125,[19 12  0 10  5 18 16 13  1  3  8  7  2 17 14 11  4  6  9 15],345.17319132744456
Known,100,50,20,"[(60, 87), (13, 53), (66, 5), (38, 39), (79, 33), (38, 95), (73, 40), (39, 18), (51, 39), (90, 57), (42, 88), (76, 24), (55, 72), (19, 65), (81, 10), (64, 51), (33, 73), (94, 3), (27, 82), (59, 60)]",0.2977480888366699,166.69140625,[12 19 15  9  6  8  3 13  1  7  2 17 14 11  4 16 18  5 10  0],425.77392181632064
Known,200,50,20,"[(60, 87), (13, 53), (66, 5), (38, 39), (79, 33), (38, 95), (73, 40), (39, 18), (51, 39), (90, 57), (42, 88), (76, 24), (55, 72), (19, 65), (81, 10), (64, 51), (33, 73), (94, 3), (27, 82), (59, 60)]",0.6300370693206787,167.6171875,[18 16 13  1  3  8  7  2 17 14 11  4  6  9 15 19 12  0 10  5],345.1731913274446
Known,500,50,20,"[(60, 87), (13, 53), (66, 5), (38, 39), (79, 33), (38, 95), (73, 40), (39, 18), (51, 39), (90, 57), (42, 88), (76, 24), (55, 72), (19, 65), (81, 10), (64, 51), (33, 73), (94, 3), (27, 82), (59, 60)]",2.944842338562012,170.0703125,[10  5 18 16 13  1  3  8  7  2 17 14 11  4  6  9 15 19 12  0],345.17319132744456
Known,1000,50,20,"[(60, 87), (13, 53), (66, 5), (38, 39), (79, 33), (38, 95), (73, 40), (39, 18), (51, 39), (90, 57), (42, 88), (76, 24), (55, 72), (19, 65), (81, 10), (64, 51), (33, 73), (94, 3), (27, 82), (59, 60)]",3.851926565170288,172.59375,[ 2  7  3  1 13 16 18  5 10  0 12 19  8 15  9  6  4 11 14 17],358.878595050389
Known,5000,50,20,"[(60, 87), (13, 53), (66, 5), (38, 39), (79, 33), (38, 95), (73, 40), (39, 18), (51, 39), (90, 57), (42, 88), (76, 24), (55, 72), (19, 65), (81, 10), (64, 51), (33, 73), (94, 3), (27, 82), (59, 60)]",17.923707485198975,175.15234375,[ 3  8  7  2 17 14 11  4  6  9 15 19 12  0 10  5 18 16 13  1],345.17319132744467
Known,5,80,20,"[(60, 87), (13, 53), (66, 5), (38, 39), (79, 33), (38, 95), (73, 40), (39, 18), (51, 39), (90, 57), (42, 88), (76, 24), (55, 72), (19, 65), (81, 10), (64, 51), (33, 73), (94, 3), (27, 82), (59, 60)]",0.0129690170288085,179.296875,[ 9 14 17  2 11  6  4 15 19 12  0 18  1  7  8 10  5 16 13  3],517.0098405631126
Known,10,80,20,"[(60, 87), (13, 53), (66, 5), (38, 39), (79, 33), (38, 95), (73, 40), (39, 18), (51, 39), (90, 57), (42, 88), (76, 24), (55, 72), (19, 65), (81, 10), (64, 51), (33, 73), (94, 3), (27, 82), (59, 60)]",0.0272526741027832,181.97265625,[19 15  8  3  6  4 14 17  9 12 18  5 10  0 11  2  7  1 13 16],506.7990526943497
Known,50,80,20,"[(60, 87), (13, 53), (66, 5), (38, 39), (79, 33), (38, 95), (73, 40), (39, 18), (51, 39), (90, 57), (42, 88), (76, 24), (55, 72), (19, 65), (81, 10), (64, 51), (33, 73), (94, 3), (27, 82), (59, 60)]",0.1471996307373047,184.65625,[17 14 11  4  9  0  5 10 12 19 15  6  8  3 16 18 13  1  7  2],411.23768266301073
Known,100,80,20,"[(60, 87), (13, 53), (66, 5), (38, 39), (79, 33), (38, 95), (73, 40), (39, 18), (51, 39), (90, 57), (42, 88), (76, 24), (55, 72), (19, 65), (81, 10), (64, 51), (33, 73), (94, 3), (27, 82), (59, 60)]",0.315713882446289,185.63671875,[ 7  2 17 14 11  4  6  9 15 19 12  0 10  5 18 16 13  1  3  8],345.17319132744456
Known,200,80,20,"[(60, 87), (13, 53), (66, 5), (38, 39), (79, 33), (38, 95), (73, 40), (39, 18), (51, 39), (90, 57), (42, 88), (76, 24), (55, 72), (19, 65), (81, 10), (64, 51), (33, 73), (94, 3), (27, 82), (59, 60)]",0.6018588542938232,189.67578125,[ 8  3 13  1  7  2 17 14 11  4 16 18  5 10  0 12 19 15  9  6],425.77392181632064
Known,500,80,20,"[(60, 87), (13, 53), (66, 5), (38, 39), (79, 33), (38, 95), (73, 40), (39, 18), (51, 39), (90, 57), (42, 88), (76, 24), (55, 72), (19, 65), (81, 10), (64, 51), (33, 73), (94, 3), (27, 82), (59, 60)]",1.650693655014038,190.65625,[ 3  1 13 16 18  5 10  0 12 19 15  9  6  4 11 14 17  2  7  8],345.17319132744467
Known,1000,80,20,"[(60, 87), (13, 53), (66, 5), (38, 39), (79, 33), (38, 95), (73, 40), (39, 18), (51, 39), (90, 57), (42, 88), (76, 24), (55, 72), (19, 65), (81, 10), (64, 51), (33, 73), (94, 3), (27, 82), (59, 60)]",4.865362882614136,193.19921875,[ 9 15 19 12  0 10  5 18 16 13  1  3  8  7  2 17 14 11  4  6],345.17319132744467
Known,5000,80,20,"[(60, 87), (13, 53), (66, 5), (38, 39), (79, 33), (38, 95), (73, 40), (39, 18), (51, 39), (90, 57), (42, 88), (76, 24), (55, 72), (19, 65), (81, 10), (64, 51), (33, 73), (94, 3), (27, 82), (59, 60)]",19.125736951828003,195.73046875,[ 8  3  1 13 16 18  5 10  0 12 19 15  9  6  4 11 14 17  2  7],345.17319132744467
Known,5,100,20,"[(60, 87), (13, 53), (66, 5), (38, 39), (79, 33), (38, 95), (73, 40), (39, 18), (51, 39), (90, 57), (42, 88), (76, 24), (55, 72), (19, 65), (81, 10), (64, 51), (33, 73), (94, 3), (27, 82), (59, 60)]",0.0209348201751709,199.796875,[ 8  9  3  7  2 17 14  4 11  6 15 19 12  5 18 13  1 16  0 10],482.1974944620378
Known,10,100,20,"[(60, 87), (13, 53), (66, 5), (38, 39), (79, 33), (38, 95), (73, 40), (39, 18), (51, 39), (90, 57), (42, 88), (76, 24), (55, 72), (19, 65), (81, 10), (64, 51), (33, 73), (94, 3), (27, 82), (59, 60)]",0.0309023857116699,202.55078125,[12 10  5  0  9 14 17  2 16 18 13  1  3  7  8  6 11  4 15 19],471.8369694045883
Known,50,100,20,"[(60, 87), (13, 53), (66, 5), (38, 39), (79, 33), (38, 95), (73, 40), (39, 18), (51, 39), (90, 57), (42, 88), (76, 24), (55, 72), (19, 65), (81, 10), (64, 51), (33, 73), (94, 3), (27, 82), (59, 60)]",0.1881673336029052,205.1328125,[ 0 10  5 18  3  7  2 17 14 11  4  6  8  1 13 16 12 19 15  9],421.0408773400732
Known,100,100,20,"[(60, 87), (13, 53), (66, 5), (38, 39), (79, 33), (38, 95), (73, 40), (39, 18), (51, 39), (90, 57), (42, 88), (76, 24), (55, 72), (19, 65), (81, 10), (64, 51), (33, 73), (94, 3), (27, 82), (59, 60)]",0.4652204513549804,206.4609375,[ 8 19 12  0 10  5 18 16 13  1  3  7  2 17 14 11  4  6  9 15],358.8785950503889
Known,200,100,20,"[(60, 87), (13, 53), (66, 5), (38, 39), (79, 33), (38, 95), (73, 40), (39, 18), (51, 39), (90, 57), (42, 88), (76, 24), (55, 72), (19, 65), (81, 10), (64, 51), (33, 73), (94, 3), (27, 82), (59, 60)]",0.865750789642334,210.57421875,[ 6  4 11 14 17  2  7  8 15 19  3  1 13 16 18  5 10  0 12  9],378.3099089106272
Known,500,100,20,"[(60, 87), (13, 53), (66, 5), (38, 39), (79, 33), (38, 95), (73, 40), (39, 18), (51, 39), (90, 57), (42, 88), (76, 24), (55, 72), (19, 65), (81, 10), (64, 51), (33, 73), (94, 3), (27, 82), (59, 60)]",1.8022575378417969,211.53125,[ 9  6  4 11 14 17  2  7  3  1 13 16 18  5 10  0 12 19  8 15],358.87859505038887
Known,1000,100,20,"[(60, 87), (13, 53), (66, 5), (38, 39), (79, 33), (38, 95), (73, 40), (39, 18), (51, 39), (90, 57), (42, 88), (76, 24), (55, 72), (19, 65), (81, 10), (64, 51), (33, 73), (94, 3), (27, 82), (59, 60)]",5.385419130325317,213.99609375,[ 2 17 14 11  9  0 10  5 18 13  1 16 12 19 15  6  4  8  3  7],400.6096643476878
Known,5000,100,20,"[(60, 87), (13, 53), (66, 5), (38, 39), (79, 33), (38, 95), (73, 40), (39, 18), (51, 39), (90, 57), (42, 88), (76, 24), (55, 72), (19, 65), (81, 10), (64, 51), (33, 73), (94, 3), (27, 82), (59, 60)]",20.96403789520264,216.52734375,[ 5 18 16 13  1  3  8  7  2 17 14 11  4  6  9 15 19 12  0 10],345.17319132744456
Known,5,200,20,"[(60, 87), (13, 53), (66, 5), (38, 39), (79, 33), (38, 95), (73, 40), (39, 18), (51, 39), (90, 57), (42, 88), (76, 24), (55, 72), (19, 65), (81, 10), (64, 51), (33, 73), (94, 3), (27, 82), (59, 60)]",0.0121855735778808,220.57421875,[18 13  1 15 14 17 11  4  2  7  3 16 12 19  8  6  9  0 10  5],484.51988168272175
Known,10,200,20,"[(60, 87), (13, 53), (66, 5), (38, 39), (79, 33), (38, 95), (73, 40), (39, 18), (51, 39), (90, 57), (42, 88), (76, 24), (55, 72), (19, 65), (81, 10), (64, 51), (33, 73), (94, 3), (27, 82), (59, 60)]",0.0269863605499267,223.25390625,[16 18 15  3  8  7  1 13 10  5  0  9  6  4 14 17  2 11 19 12],483.4899094450501
Known,50,200,20,"[(60, 87), (13, 53), (66, 5), (38, 39), (79, 33), (38, 95), (73, 40), (39, 18), (51, 39), (90, 57), (42, 88), (76, 24), (55, 72), (19, 65), (81, 10), (64, 51), (33, 73), (94, 3), (27, 82), (59, 60)]",0.1497330665588379,225.97265625,[ 3  8 15 19 16 18  5 10  0 12  9  6  4 11 14 17  2  7  1 13],397.5188645924003
Known,100,200,20,"[(60, 87), (13, 53), (66, 5), (38, 39), (79, 33), (38, 95), (73, 40), (39, 18), (51, 39), (90, 57), (42, 88), (76, 24), (55, 72), (19, 65), (81, 10), (64, 51), (33, 73), (94, 3), (27, 82), (59, 60)]",0.3349549770355224,228.671875,[ 8  7  2 17 14 11  4  6  9 15 19 12  0 10  5 18 16 13  1  3],345.17319132744456
Known,200,200,20,"[(60, 87), (13, 53), (66, 5), (38, 39), (79, 33), (38, 95), (73, 40), (39, 18), (51, 39), (90, 57), (42, 88), (76, 24), (55, 72), (19, 65), (81, 10), (64, 51), (33, 73), (94, 3), (27, 82), (59, 60)]",0.6810524463653564,231.34375,[15  9  6  4 11 14 17  2  7  8  3  1 13 16 18  5 10  0 12 19],345.17319132744467
Known,500,200,20,"[(60, 87), (13, 53), (66, 5), (38, 39), (79, 33), (38, 95), (73, 40), (39, 18), (51, 39), (90, 57), (42, 88), (76, 24), (55, 72), (19, 65), (81, 10), (64, 51), (33, 73), (94, 3), (27, 82), (59, 60)]",2.8092405796051025,232.36328125,[12 19 15  9  6  4 11 14 17  2  7  8  3  1 13 16 18  5 10  0],345.1731913274446
Known,1000,200,20,"[(60, 87), (13, 53), (66, 5), (38, 39), (79, 33), (38, 95), (73, 40), (39, 18), (51, 39), (90, 57), (42, 88), (76, 24), (55, 72), (19, 65), (81, 10), (64, 51), (33, 73), (94, 3), (27, 82), (59, 60)]",4.073211193084717,234.82421875,[17  2  7  8 19 12  0 10  5 18 16 13  1  3 15  9  6  4 11 14],372.9854083672545
Known,5000,200,20,"[(60, 87), (13, 53), (66, 5), (38, 39), (79, 33), (38, 95), (73, 40), (39, 18), (51, 39), (90, 57), (42, 88), (76, 24), (55, 72), (19, 65), (81, 10), (64, 51), (33, 73), (94, 3), (27, 82), (59, 60)]",26.886091470718384,237.3828125,[10  0 12 19 15  9  6  4 11 14 17  2  7  8  3  1 13 16 18  5],345.17319132744456
Known,5,10,50,"[(60, 87), (13, 53), (66, 5), (38, 39), (79, 33), (38, 95), (73, 40), (39, 18), (51, 39), (90, 57), (42, 88), (76, 24), (55, 72), (19, 65), (81, 10), (64, 51), (33, 73), (94, 3), (27, 82), (59, 60), (31, 24), (90, 89), (15, 17), (71, 43), (8, 77), (46, 23), (20, 53), (61, 98), (2, 47), (16, 79), (74, 21), (85, 67), (33, 11), (40, 14), (56, 30), (67, 26), (98, 37), (9, 49), (28, 97), (49, 54), (70, 11), (24, 40), (87, 72), (63, 15), (45, 88), (33, 49), (13, 84), (98, 67), (52, 35), (80, 81)]",0.196946382522583,90.65625,"[41  8  2  4 11 25 14 23 30 21 42 47 31 46 18 38 13 24 29 28 37 22 20 32
 43  5 44 12 34 36 39 49 33  7 16  1  3  9 15  6 35 17 45  0 48 40 19 27
 10 26]",1638.8524570709676
Known,10,10,50,"[(60, 87), (13, 53), (66, 5), (38, 39), (79, 33), (38, 95), (73, 40), (39, 18), (51, 39), (90, 57), (42, 88), (76, 24), (55, 72), (19, 65), (81, 10), (64, 51), (33, 73), (94, 3), (27, 82), (59, 60), (31, 24), (90, 89), (15, 17), (71, 43), (8, 77), (46, 23), (20, 53), (61, 98), (2, 47), (16, 79), (74, 21), (85, 67), (33, 11), (40, 14), (56, 30), (67, 26), (98, 37), (9, 49), (28, 97), (49, 54), (70, 11), (24, 40), (87, 72), (63, 15), (45, 88), (33, 49), (13, 84), (98, 67), (52, 35), (80, 81)]",0.4105110168457031,98.7109375,"[25 22 39 15 12 27 10 38 17 14  4 11 36  2 35 48  6 23 34  3 45 26  1 16
 19 20  7 31 49 21  9 42 47 30 40 43  8 28 29 13 18  5 41 37  0 44 24 46
 33 32]",1353.1365757483754
Known,50,10,50,"[(60, 87), (13, 53), (66, 5), (38, 39), (79, 33), (38, 95), (73, 40), (39, 18), (51, 39), (90, 57), (42, 88), (76, 24), (55, 72), (19, 65), (81, 10), (64, 51), (33, 73), (94, 3), (27, 82), (59, 60), (31, 24), (90, 89), (15, 17), (71, 43), (8, 77), (46, 23), (20, 53), (61, 98), (2, 47), (16, 79), (74, 21), (85, 67), (33, 11), (40, 14), (56, 30), (67, 26), (98, 37), (9, 49), (28, 97), (49, 54), (70, 11), (24, 40), (87, 72), (63, 15), (45, 88), (33, 49), (13, 84), (98, 67), (52, 35), (80, 81)]",2.1331498622894287,101.89453125,"[18 29 46 24 13 34 35 14 17 47 42 31 25  7 32 33  2 40 43  3 26  1 37 28
 22 20 41 45 39 19 15 48  8 12 49 21 27  5 38 16 23  6  4 11 30 36  9  0
 44 10]",932.2042663666128
Known,100,10,50,"[(60, 87), (13, 53), (66, 5), (38, 39), (79, 33), (38, 95), (73, 40), (39, 18), (51, 39), (90, 57), (42, 88), (76, 24), (55, 72), (19, 65), (81, 10), (64, 51), (33, 73), (94, 3), (27, 82), (59, 60), (31, 24), (90, 89), (15, 17), (71, 43), (8, 77), (46, 23), (20, 53), (61, 98), (2, 47), (16, 79), (74, 21), (85, 67), (33, 11), (40, 14), (56, 30), (67, 26), (98, 37), (9, 49), (28, 97), (49, 54), (70, 11), (24, 40), (87, 72), (63, 15), (45, 88), (33, 49), (13, 84), (98, 67), (52, 35), (80, 81)]",4.9981443881988525,105.51171875,"[27 49 21 47 36 17  2 32 22 28 37  1 13 24 46 29 18 38  5 10 44  0 12 39
 45 41  3  8 48 34 43 40 14 30 11  6 23 15 19 42 31  9  4 35 25 33  7 20
 26 16]",779.8547874363646
Known,200,10,50,"[(60, 87), (13, 53), (66, 5), (38, 39), (79, 33), (38, 95), (73, 40), (39, 18), (51, 39), (90, 57), (42, 88), (76, 24), (55, 72), (19, 65), (81, 10), (64, 51), (33, 73), (94, 3), (27, 82), (59, 60), (31, 24), (90, 89), (15, 17), (71, 43), (8, 77), (46, 23), (20, 53), (61, 98), (2, 47), (16, 79), (74, 21), (85, 67), (33, 11), (40, 14), (56, 30), (67, 26), (98, 37), (9, 49), (28, 97), (49, 54), (70, 11), (24, 40), (87, 72), (63, 15), (45, 88), (33, 49), (13, 84), (98, 67), (52, 35), (80, 81)]",8.770889520645142,109.0,"[32  2 17 14 40 41 26  1 24 46 29 13 45 43 30 11 36 47 21 49 42 31  9  8
 39 16 44 27  0 12  3 20  7 33 25 48 34 35  4  6 23 15 19 10  5 38 18 37
 28 22]",886.375389548743
Known,500,10,50,"[(60, 87), (13, 53), (66, 5), (38, 39), (79, 33), (38, 95), (73, 40), (39, 18), (51, 39), (90, 57), (42, 88), (76, 24), (55, 72), (19, 65), (81, 10), (64, 51), (33, 73), (94, 3), (27, 82), (59, 60), (31, 24), (90, 89), (15, 17), (71, 43), (8, 77), (46, 23), (20, 53), (61, 98), (2, 47), (16, 79), (74, 21), (85, 67), (33, 11), (40, 14), (56, 30), (67, 26), (98, 37), (9, 49), (28, 97), (49, 54), (70, 11), (24, 40), (87, 72), (63, 15), (45, 88), (33, 49), (13, 84), (98, 67), (52, 35), (80, 81)]",25.821017026901245,112.51953125,"[10  5 38 18 29 46 24 13 26 41 45  3 20  7 25 35 11 30 14 17 36 47  9  4
 40  2 43 34 48  8  6 23 15 39 19 12 16  1 37 28 22 32 33 31 42 49 21 27
  0 44]",750.8560664327376
Known,1000,10,50,"[(60, 87), (13, 53), (66, 5), (38, 39), (79, 33), (38, 95), (73, 40), (39, 18), (51, 39), (90, 57), (42, 88), (76, 24), (55, 72), (19, 65), (81, 10), (64, 51), (33, 73), (94, 3), (27, 82), (59, 60), (31, 24), (90, 89), (15, 17), (71, 43), (8, 77), (46, 23), (20, 53), (61, 98), (2, 47), (16, 79), (74, 21), (85, 67), (33, 11), (40, 14), (56, 30), (67, 26), (98, 37), (9, 49), (28, 97), (49, 54), (70, 11), (24, 40), (87, 72), (63, 15), (45, 88), (33, 49), (13, 84), (98, 67), (52, 35), (80, 81)]",46.16676735877991,116.0390625,"[28 37  1  2 40 43 34 44 10  5 27  0 49 21 47 36 17 14  9 31 42 12 19 35
 30 11  4  6 23 15 16 18 38 46 29 24 13 26 41 20  3 45 39  8 48 25  7 33
 32 22]",852.2022996682075
Known,5000,10,50,"[(60, 87), (13, 53), (66, 5), (38, 39), (79, 33), (38, 95), (73, 40), (39, 18), (51, 39), (90, 57), (42, 88), (76, 24), (55, 72), (19, 65), (81, 10), (64, 51), (33, 73), (94, 3), (27, 82), (59, 60), (31, 24), (90, 89), (15, 17), (71, 43), (8, 77), (46, 23), (20, 53), (61, 98), (2, 47), (16, 79), (74, 21), (85, 67), (33, 11), (40, 14), (56, 30), (67, 26), (98, 37), (9, 49), (28, 97), (49, 54), (70, 11), (24, 40), (87, 72), (63, 15), (45, 88), (33, 49), (13, 84), (98, 67), (52, 35), (80, 81)]",238.72968435287476,119.90234375,"[10 44 12 19 11 17 14 40 30 35 16 13 26 25 43  2 32 22 28 37 24 46 38 18
 29  1 41 20  7 33  8 15 39 45  3 48 34  4 36 47 21 27 49 42 31  9  6 23
  0  5]",945.9861974613159
Known,5,20,50,"[(60, 87), (13, 53), (66, 5), (38, 39), (79, 33), (38, 95), (73, 40), (39, 18), (51, 39), (90, 57), (42, 88), (76, 24), (55, 72), (19, 65), (81, 10), (64, 51), (33, 73), (94, 3), (27, 82), (59, 60), (31, 24), (90, 89), (15, 17), (71, 43), (8, 77), (46, 23), (20, 53), (61, 98), (2, 47), (16, 79), (74, 21), (85, 67), (33, 11), (40, 14), (56, 30), (67, 26), (98, 37), (9, 49), (28, 97), (49, 54), (70, 11), (24, 40), (87, 72), (63, 15), (45, 88), (33, 49), (13, 84), (98, 67), (52, 35), (80, 81)]",0.22031593322753906,124.875,"[ 4 47 49 10 23  8 13 46 12 28 40 25  6 34 27  0 35 36 21 24 18 26  7 31
  9 16  1 37 29 19 20 33 11 32 22 45  3 44 41 48  2 14 42 15 38  5 39 17
 30 43]",1864.3206670291847
Known,10,20,50,"[(60, 87), (13, 53), (66, 5), (38, 39), (79, 33), (38, 95), (73, 40), (39, 18), (51, 39), (90, 57), (42, 88), (76, 24), (55, 72), (19, 65), (81, 10), (64, 51), (33, 73), (94, 3), (27, 82), (59, 60), (31, 24), (90, 89), (15, 17), (71, 43), (8, 77), (46, 23), (20, 53), (61, 98), (2, 47), (16, 79), (74, 21), (85, 67), (33, 11), (40, 14), (56, 30), (67, 26), (98, 37), (9, 49), (28, 97), (49, 54), (70, 11), (24, 40), (87, 72), (63, 15), (45, 88), (33, 49), (13, 84), (98, 67), (52, 35), (80, 81)]",0.4940624237060547,128.50390625,"[45 37 32 33 35  4  6 15 13  1 28 29 16 41 25  2 30 40 31  0  5 14 11 42
 27 19 43 48 34  8  3 12 49 47 21  9 36 17 23 46 38 22  7 20 26 24 18 10
 44 39]",1429.74447230171
Known,50,20,50,"[(60, 87), (13, 53), (66, 5), (38, 39), (79, 33), (38, 95), (73, 40), (39, 18), (51, 39), (90, 57), (42, 88), (76, 24), (55, 72), (19, 65), (81, 10), (64, 51), (33, 73), (94, 3), (27, 82), (59, 60), (31, 24), (90, 89), (15, 17), (71, 43), (8, 77), (46, 23), (20, 53), (61, 98), (2, 47), (16, 79), (74, 21), (85, 67), (33, 11), (40, 14), (56, 30), (67, 26), (98, 37), (9, 49), (28, 97), (49, 54), (70, 11), (24, 40), (87, 72), (63, 15), (45, 88), (33, 49), (13, 84), (98, 67), (52, 35), (80, 81)]",3.9189531803131104,130.78515625,"[44 10 18 46 29 38  5 16  8 48 25 33  7 20  3 45 12  0 49 42 31  9  4  6
 23 15 19 39 35 30  2 32 22 28 37  1 24 13 26 41 34 43 40 14 17 11 36 47
 21 27]",834.6724522356028
Known,100,20,50,"[(60, 87), (13, 53), (66, 5), (38, 39), (79, 33), (38, 95), (73, 40), (39, 18), (51, 39), (90, 57), (42, 88), (76, 24), (55, 72), (19, 65), (81, 10), (64, 51), (33, 73), (94, 3), (27, 82), (59, 60), (31, 24), (90, 89), (15, 17), (71, 43), (8, 77), (46, 23), (20, 53), (61, 98), (2, 47), (16, 79), (74, 21), (85, 67), (33, 11), (40, 14), (56, 30), (67, 26), (98, 37), (9, 49), (28, 97), (49, 54), (70, 11), (24, 40), (87, 72), (63, 15), (45, 88), (33, 49), (13, 84), (98, 67), (52, 35), (80, 81)]",4.771618366241455,134.22265625,"[25  7 20  3 41 37 28 22 32 33 43  2 40 14 17 36  9 47 21 49 42 31 19 39
 34 35 30 11  4  6 23 15  0 27 44  5 38 46 24 29 18 10 12 16 13  1 26 45
  8 48]",723.1575985106663
Known,200,20,50,"[(60, 87), (13, 53), (66, 5), (38, 39), (79, 33), (38, 95), (73, 40), (39, 18), (51, 39), (90, 57), (42, 88), (76, 24), (55, 72), (19, 65), (81, 10), (64, 51), (33, 73), (94, 3), (27, 82), (59, 60), (31, 24), (90, 89), (15, 17), (71, 43), (8, 77), (46, 23), (20, 53), (61, 98), (2, 47), (16, 79), (74, 21), (85, 67), (33, 11), (40, 14), (56, 30), (67, 26), (98, 37), (9, 49), (28, 97), (49, 54), (70, 11), (24, 40), (87, 72), (63, 15), (45, 88), (33, 49), (13, 84), (98, 67), (52, 35), (80, 81)]",9.867978811264038,137.80078125,"[19 12 49 21 27  0 44 10 18 16 37 28 22 32 33  2 17 14 40 43 25  8 48 34
 35 30 11  4  6 23 15 39 45 41 26  1 13 24 29 46 38  5 31 42 47  9 36  7
 20  3]",795.3052648505959
Known,500,20,50,"[(60, 87), (13, 53), (66, 5), (38, 39), (79, 33), (38, 95), (73, 40), (39, 18), (51, 39), (90, 57), (42, 88), (76, 24), (55, 72), (19, 65), (81, 10), (64, 51), (33, 73), (94, 3), (27, 82), (59, 60), (31, 24), (90, 89), (15, 17), (71, 43), (8, 77), (46, 23), (20, 53), (61, 98), (2, 47), (16, 79), (74, 21), (85, 67), (33, 11), (40, 14), (56, 30), (67, 26), (98, 37), (9, 49), (28, 97), (49, 54), (70, 11), (24, 40), (87, 72), (63, 15), (45, 88), (33, 49), (13, 84), (98, 67), (52, 35), (80, 81)]",25.336066722869873,141.4921875,"[24 29 46 38  5 18 16 45  3 39 15 23  6 25  7 33 32 22 20 43  2 40 14 17
 36 47  9  4 11 30 35 12 10 44  0 27 21 49 42 31 19 26  1 37 28 41 34 48
  8 13]",814.1356979445727
Known,1000,20,50,"[(60, 87), (13, 53), (66, 5), (38, 39), (79, 33), (38, 95), (73, 40), (39, 18), (51, 39), (90, 57), (42, 88), (76, 24), (55, 72), (19, 65), (81, 10), (64, 51), (33, 73), (94, 3), (27, 82), (59, 60), (31, 24), (90, 89), (15, 17), (71, 43), (8, 77), (46, 23), (20, 53), (61, 98), (2, 47), (16, 79), (74, 21), (85, 67), (33, 11), (40, 14), (56, 30), (67, 26), (98, 37), (9, 49), (28, 97), (49, 54), (70, 11), (24, 40), (87, 72), (63, 15), (45, 88), (33, 49), (13, 84), (98, 67), (52, 35), (80, 81)]",48.37653660774231,144.8515625,"[ 0 49 42 47  9  6 34 48  8  3 41 28 37  1 26 13 16 18  5 38 46 24 29 45
 35  4 11 30 43  2 40 14 17 36 23 15 19 12 39 25  7 20 22 32 33 31 21 27
 10 44]",813.136375499137
Known,5000,20,50,"[(60, 87), (13, 53), (66, 5), (38, 39), (79, 33), (38, 95), (73, 40), (39, 18), (51, 39), (90, 57), (42, 88), (76, 24), (55, 72), (19, 65), (81, 10), (64, 51), (33, 73), (94, 3), (27, 82), (59, 60), (31, 24), (90, 89), (15, 17), (71, 43), (8, 77), (46, 23), (20, 53), (61, 98), (2, 47), (16, 79), (74, 21), (85, 67), (33, 11), (40, 14), (56, 30), (67, 26), (98, 37), (9, 49), (28, 97), (49, 54), (70, 11), (24, 40), (87, 72), (63, 15), (45, 88), (33, 49), (13, 84), (98, 67), (52, 35), (80, 81)]",285.2787027359009,148.30078125,"[ 9 15 19 39  8 48  3 20 22 32 33  7 25 34 35 43  2 40 14 17 30 11  4 36
  6 23 12 10 44  0 49 21 27  5 38 46 24 29 18 45 41 28 37  1 26 13 16 31
 42 47]",740.4595711290303
Known,5,40,50,"[(60, 87), (13, 53), (66, 5), (38, 39), (79, 33), (38, 95), (73, 40), (39, 18), (51, 39), (90, 57), (42, 88), (76, 24), (55, 72), (19, 65), (81, 10), (64, 51), (33, 73), (94, 3), (27, 82), (59, 60), (31, 24), (90, 89), (15, 17), (71, 43), (8, 77), (46, 23), (20, 53), (61, 98), (2, 47), (16, 79), (74, 21), (85, 67), (33, 11), (40, 14), (56, 30), (67, 26), (98, 37), (9, 49), (28, 97), (49, 54), (70, 11), (24, 40), (87, 72), (63, 15), (45, 88), (33, 49), (13, 84), (98, 67), (52, 35), (80, 81)]",0.23130297660827637,153.328125,"[22  1 34 17 14 48 11 32 35 23 40  3 26 27 10 29 24  5  0  6 43  2 33 13
 38 44 46 18  7 25 36  9 31 45 12 20 28 41 39 37 21 47 49 16 30 42  8  4
 15 19]",1757.6209167998322
Known,10,40,50,"[(60, 87), (13, 53), (66, 5), (38, 39), (79, 33), (38, 95), (73, 40), (39, 18), (51, 39), (90, 57), (42, 88), (76, 24), (55, 72), (19, 65), (81, 10), (64, 51), (33, 73), (94, 3), (27, 82), (59, 60), (31, 24), (90, 89), (15, 17), (71, 43), (8, 77), (46, 23), (20, 53), (61, 98), (2, 47), (16, 79), (74, 21), (85, 67), (33, 11), (40, 14), (56, 30), (67, 26), (98, 37), (9, 49), (28, 97), (49, 54), (70, 11), (24, 40), (87, 72), (63, 15), (45, 88), (33, 49), (13, 84), (98, 67), (52, 35), (80, 81)]",0.4214930534362793,155.31640625,"[28 22 25 33 41 12  5 44 23  6 49  0 48 45 31 42 10 13 37 34 14  2 20  8
 15 19 21 43 35 46 18 16 39  4 30  7 26 24 38 27  9 47 36 11 17 40 32  3
 29  1]",1529.8430958103245
Known,50,40,50,"[(60, 87), (13, 53), (66, 5), (38, 39), (79, 33), (38, 95), (73, 40), (39, 18), (51, 39), (90, 57), (42, 88), (76, 24), (55, 72), (19, 65), (81, 10), (64, 51), (33, 73), (94, 3), (27, 82), (59, 60), (31, 24), (90, 89), (15, 17), (71, 43), (8, 77), (46, 23), (20, 53), (61, 98), (2, 47), (16, 79), (74, 21), (85, 67), (33, 11), (40, 14), (56, 30), (67, 26), (98, 37), (9, 49), (28, 97), (49, 54), (70, 11), (24, 40), (87, 72), (63, 15), (45, 88), (33, 49), (13, 84), (98, 67), (52, 35), (80, 81)]",3.043443202972412,158.9296875,"[15 35 25 33 32 22 28 24 46 38 27 21 42 49  0 18 29 13  1 37 41 20  7  2
 17 36  9 47 31 12 19  8 48 34  3 39 44 10  5 16 26 45 43 40 14 30 11  4
  6 23]",885.3474924518873
Known,100,40,50,"[(60, 87), (13, 53), (66, 5), (38, 39), (79, 33), (38, 95), (73, 40), (39, 18), (51, 39), (90, 57), (42, 88), (76, 24), (55, 72), (19, 65), (81, 10), (64, 51), (33, 73), (94, 3), (27, 82), (59, 60), (31, 24), (90, 89), (15, 17), (71, 43), (8, 77), (46, 23), (20, 53), (61, 98), (2, 47), (16, 79), (74, 21), (85, 67), (33, 11), (40, 14), (56, 30), (67, 26), (98, 37), (9, 49), (28, 97), (49, 54), (70, 11), (24, 40), (87, 72), (63, 15), (45, 88), (33, 49), (13, 84), (98, 67), (52, 35), (80, 81)]",4.765222549438477,162.48046875,"[32 22 28 37 24 46 29 45  3  8 15 19 42 31  9 43  2 40 14 17 36 47 21 49
  5 38 18 13  1 26 48 34 35 30 11  4  6 23 25  7 20 41 16 10 44 27  0 12
 39 33]",863.0655386572895
Known,200,40,50,"[(60, 87), (13, 53), (66, 5), (38, 39), (79, 33), (38, 95), (73, 40), (39, 18), (51, 39), (90, 57), (42, 88), (76, 24), (55, 72), (19, 65), (81, 10), (64, 51), (33, 73), (94, 3), (27, 82), (59, 60), (31, 24), (90, 89), (15, 17), (71, 43), (8, 77), (46, 23), (20, 53), (61, 98), (2, 47), (16, 79), (74, 21), (85, 67), (33, 11), (40, 14), (56, 30), (67, 26), (98, 37), (9, 49), (28, 97), (49, 54), (70, 11), (24, 40), (87, 72), (63, 15), (45, 88), (33, 49), (13, 84), (98, 67), (52, 35), (80, 81)]",11.928944826126099,165.96875,"[10 44 12 43 40 14 17  2 33 32 22 20  7 25  3 41 13 29 46 24 28 37  1 26
 45  0 49 42 31  9 36 47 21 27  5 38 18 16 19 15 23  6  4 11 30 35 34 48
  8 39]",798.4549130104597
Known,500,40,50,"[(60, 87), (13, 53), (66, 5), (38, 39), (79, 33), (38, 95), (73, 40), (39, 18), (51, 39), (90, 57), (42, 88), (76, 24), (55, 72), (19, 65), (81, 10), (64, 51), (33, 73), (94, 3), (27, 82), (59, 60), (31, 24), (90, 89), (15, 17), (71, 43), (8, 77), (46, 23), (20, 53), (61, 98), (2, 47), (16, 79), (74, 21), (85, 67), (33, 11), (40, 14), (56, 30), (67, 26), (98, 37), (9, 49), (28, 97), (49, 54), (70, 11), (24, 40), (87, 72), (63, 15), (45, 88), (33, 49), (13, 84), (98, 67), (52, 35), (80, 81)]",25.30000925064087,169.40625,"[ 9 47 21  0 27  5 38 18 29 46 24 13 16 10 44 12 19 15 25  7 33 32 22 28
 37  1 20 43  2 40 30 11 14 17 36  4  6 23 35 34 48  8  3 41 26 45 39 49
 42 31]",739.8133236747088
Known,1000,40,50,"[(60, 87), (13, 53), (66, 5), (38, 39), (79, 33), (38, 95), (73, 40), (39, 18), (51, 39), (90, 57), (42, 88), (76, 24), (55, 72), (19, 65), (81, 10), (64, 51), (33, 73), (94, 3), (27, 82), (59, 60), (31, 24), (90, 89), (15, 17), (71, 43), (8, 77), (46, 23), (20, 53), (61, 98), (2, 47), (16, 79), (74, 21), (85, 67), (33, 11), (40, 14), (56, 30), (67, 26), (98, 37), (9, 49), (28, 97), (49, 54), (70, 11), (24, 40), (87, 72), (63, 15), (45, 88), (33, 49), (13, 84), (98, 67), (52, 35), (80, 81)]",49.70097470283508,172.91015625,"[22 20 32 33  7 25  8 15 39 45 26  1 13 18 16 12 19 23  6 31 42 49  0 44
 10 29 24 46 38  5 27 21 47  9 36  4 11 17 14 40  2 43 30 35 34 48  3 41
 37 28]",736.4829408968459
Known,5000,40,50,"[(60, 87), (13, 53), (66, 5), (38, 39), (79, 33), (38, 95), (73, 40), (39, 18), (51, 39), (90, 57), (42, 88), (76, 24), (55, 72), (19, 65), (81, 10), (64, 51), (33, 73), (94, 3), (27, 82), (59, 60), (31, 24), (90, 89), (15, 17), (71, 43), (8, 77), (46, 23), (20, 53), (61, 98), (2, 47), (16, 79), (74, 21), (85, 67), (33, 11), (40, 14), (56, 30), (67, 26), (98, 37), (9, 49), (28, 97), (49, 54), (70, 11), (24, 40), (87, 72), (63, 15), (45, 88), (33, 49), (13, 84), (98, 67), (52, 35), (80, 81)]",268.31888604164124,176.47265625,"[40  2 43 30 11 35 34  3 45 26  1 37 28 13 10 44 27  0 12 19 15  9 47 31
 42 21 49 48 25  7 33 32 22 20 41 18  5 38 46 24 29 16 39  8 23  6  4 36
 17 14]",754.679566863158
Known,5,50,50,"[(60, 87), (13, 53), (66, 5), (38, 39), (79, 33), (38, 95), (73, 40), (39, 18), (51, 39), (90, 57), (42, 88), (76, 24), (55, 72), (19, 65), (81, 10), (64, 51), (33, 73), (94, 3), (27, 82), (59, 60), (31, 24), (90, 89), (15, 17), (71, 43), (8, 77), (46, 23), (20, 53), (61, 98), (2, 47), (16, 79), (74, 21), (85, 67), (33, 11), (40, 14), (56, 30), (67, 26), (98, 37), (9, 49), (28, 97), (49, 54), (70, 11), (24, 40), (87, 72), (63, 15), (45, 88), (33, 49), (13, 84), (98, 67), (52, 35), (80, 81)]",0.24523496627807617,181.375,"[30  8 45 29 46 37 25  3  6 36 17 40  7 47  9 33 41 20 23 15 32 14 21  0
 22  2 27 38 44 10 18 24 26  1 13 39 31 34  4 48 28 16  5 12 19 43 11 35
 49 42]",1687.5036779283528
Known,10,50,50,"[(60, 87), (13, 53), (66, 5), (38, 39), (79, 33), (38, 95), (73, 40), (39, 18), (51, 39), (90, 57), (42, 88), (76, 24), (55, 72), (19, 65), (81, 10), (64, 51), (33, 73), (94, 3), (27, 82), (59, 60), (31, 24), (90, 89), (15, 17), (71, 43), (8, 77), (46, 23), (20, 53), (61, 98), (2, 47), (16, 79), (74, 21), (85, 67), (33, 11), (40, 14), (56, 30), (67, 26), (98, 37), (9, 49), (28, 97), (49, 54), (70, 11), (24, 40), (87, 72), (63, 15), (45, 88), (33, 49), (13, 84), (98, 67), (52, 35), (80, 81)]",0.6351015567779541,183.546875,"[42 28 37 20 14  4 27 44 18  0 49  8  3 45  1 39 19 31 15 10 16 24 29 13
 26 32 22 41 35  2 40 21 47 30 43 17  6 48 11  7 33 25 46  5 38 12 34 23
 36  9]",1456.4754903568032
Known,50,50,50,"[(60, 87), (13, 53), (66, 5), (38, 39), (79, 33), (38, 95), (73, 40), (39, 18), (51, 39), (90, 57), (42, 88), (76, 24), (55, 72), (19, 65), (81, 10), (64, 51), (33, 73), (94, 3), (27, 82), (59, 60), (31, 24), (90, 89), (15, 17), (71, 43), (8, 77), (46, 23), (20, 53), (61, 98), (2, 47), (16, 79), (74, 21), (85, 67), (33, 11), (40, 14), (56, 30), (67, 26), (98, 37), (9, 49), (28, 97), (49, 54), (70, 11), (24, 40), (87, 72), (63, 15), (45, 88), (33, 49), (13, 84), (98, 67), (52, 35), (80, 81)]",2.569401979446411,187.02734375,"[11 30 43 35  6 23 15 19  0 27 44 18 24 28 37  1 16 12 49 21 42 48 25 20
 41 26 45  3  8 39 10  5 38 46 29 13 40 14 17  2 33 32 22  7 34  4  9 31
 47 36]",926.3864155604002
Known,100,50,50,"[(60, 87), (13, 53), (66, 5), (38, 39), (79, 33), (38, 95), (73, 40), (39, 18), (51, 39), (90, 57), (42, 88), (76, 24), (55, 72), (19, 65), (81, 10), (64, 51), (33, 73), (94, 3), (27, 82), (59, 60), (31, 24), (90, 89), (15, 17), (71, 43), (8, 77), (46, 23), (20, 53), (61, 98), (2, 47), (16, 79), (74, 21), (85, 67), (33, 11), (40, 14), (56, 30), (67, 26), (98, 37), (9, 49), (28, 97), (49, 54), (70, 11), (24, 40), (87, 72), (63, 15), (45, 88), (33, 49), (13, 84), (98, 67), (52, 35), (80, 81)]",5.927982330322266,190.59375,"[43 40 35 30 11  4  6 23 15 12  5 38 18 29 46 24 13 26  1 37 28 41 22 32
  2 14 17 36 47 31  9 34 25 48  8 45 16 10 44  0 27 21 49 42 19 39  3 20
  7 33]",771.8934614284727
Known,200,50,50,"[(60, 87), (13, 53), (66, 5), (38, 39), (79, 33), (38, 95), (73, 40), (39, 18), (51, 39), (90, 57), (42, 88), (76, 24), (55, 72), (19, 65), (81, 10), (64, 51), (33, 73), (94, 3), (27, 82), (59, 60), (31, 24), (90, 89), (15, 17), (71, 43), (8, 77), (46, 23), (20, 53), (61, 98), (2, 47), (16, 79), (74, 21), (85, 67), (33, 11), (40, 14), (56, 30), (67, 26), (98, 37), (9, 49), (28, 97), (49, 54), (70, 11), (24, 40), (87, 72), (63, 15), (45, 88), (33, 49), (13, 84), (98, 67), (52, 35), (80, 81)]",12.361807107925415,194.046875,"[30 11 35 34  8 39 12  5 38 46 24 29 18 10 44  0 27 21 49 42 31 47  9  6
 23 15 19 16 13  1 26 45  3 48 25 43  2 40 14 17 36  4 32 22 28 37 41 20
  7 33]",763.4032412488125
Known,500,50,50,"[(60, 87), (13, 53), (66, 5), (38, 39), (79, 33), (38, 95), (73, 40), (39, 18), (51, 39), (90, 57), (42, 88), (76, 24), (55, 72), (19, 65), (81, 10), (64, 51), (33, 73), (94, 3), (27, 82), (59, 60), (31, 24), (90, 89), (15, 17), (71, 43), (8, 77), (46, 23), (20, 53), (61, 98), (2, 47), (16, 79), (74, 21), (85, 67), (33, 11), (40, 14), (56, 30), (67, 26), (98, 37), (9, 49), (28, 97), (49, 54), (70, 11), (24, 40), (87, 72), (63, 15), (45, 88), (33, 49), (13, 84), (98, 67), (52, 35), (80, 81)]",27.952703952789307,197.6328125,"[23  6 20 41 13 29 24 22 32 33  7 25 48 12  0 27 44 16  1 28 37 26 45  3
  8 15 19 18 46 38  5 10 39 34 43  2 40 14 17 30 11 35  4 36  9 47 21 49
 42 31]",853.8234983148024
Known,1000,50,50,"[(60, 87), (13, 53), (66, 5), (38, 39), (79, 33), (38, 95), (73, 40), (39, 18), (51, 39), (90, 57), (42, 88), (76, 24), (55, 72), (19, 65), (81, 10), (64, 51), (33, 73), (94, 3), (27, 82), (59, 60), (31, 24), (90, 89), (15, 17), (71, 43), (8, 77), (46, 23), (20, 53), (61, 98), (2, 47), (16, 79), (74, 21), (85, 67), (33, 11), (40, 14), (56, 30), (67, 26), (98, 37), (9, 49), (28, 97), (49, 54), (70, 11), (24, 40), (87, 72), (63, 15), (45, 88), (33, 49), (13, 84), (98, 67), (52, 35), (80, 81)]",56.26097822189331,201.109375,"[40  2 43 34 48  8 15 23  6  4 14 17 36 47 21 49 42 31  9 19 39  3 45 16
 44 10 18 29 24 46 38  5 27  0 12 13 26  1 37 28 41 20 22 32 33  7 25 35
 11 30]",706.2405791137796
Known,5000,50,50,"[(60, 87), (13, 53), (66, 5), (38, 39), (79, 33), (38, 95), (73, 40), (39, 18), (51, 39), (90, 57), (42, 88), (76, 24), (55, 72), (19, 65), (81, 10), (64, 51), (33, 73), (94, 3), (27, 82), (59, 60), (31, 24), (90, 89), (15, 17), (71, 43), (8, 77), (46, 23), (20, 53), (61, 98), (2, 47), (16, 79), (74, 21), (85, 67), (33, 11), (40, 14), (56, 30), (67, 26), (98, 37), (9, 49), (28, 97), (49, 54), (70, 11), (24, 40), (87, 72), (63, 15), (45, 88), (33, 49), (13, 84), (98, 67), (52, 35), (80, 81)]",280.2292025089264,204.6328125,"[21 47  9 36  4 35 48 34 43  2 40 14 17 30 11  6 23 19 12 44 10  5 38 46
 29 24 28 37  1 26 13 16 18 27  0 39 25  7 33 32 22 20 41 45  3  8 15 31
 42 49]",721.7885803996339
Known,5,80,50,"[(60, 87), (13, 53), (66, 5), (38, 39), (79, 33), (38, 95), (73, 40), (39, 18), (51, 39), (90, 57), (42, 88), (76, 24), (55, 72), (19, 65), (81, 10), (64, 51), (33, 73), (94, 3), (27, 82), (59, 60), (31, 24), (90, 89), (15, 17), (71, 43), (8, 77), (46, 23), (20, 53), (61, 98), (2, 47), (16, 79), (74, 21), (85, 67), (33, 11), (40, 14), (56, 30), (67, 26), (98, 37), (9, 49), (28, 97), (49, 54), (70, 11), (24, 40), (87, 72), (63, 15), (45, 88), (33, 49), (13, 84), (98, 67), (52, 35), (80, 81)]",0.21886801719665527,209.62109375,"[42  1 20 40 14  2 38  5 23 31 10 44 18 27 21 49 46 29 24 26 32  6 17 19
 13 15 30 34 37 22 12 16 28 41 39 48 43 45  3  8 11  9 36 25  4  0 47  7
 33 35]",1790.8038059654082
Known,10,80,50,"[(60, 87), (13, 53), (66, 5), (38, 39), (79, 33), (38, 95), (73, 40), (39, 18), (51, 39), (90, 57), (42, 88), (76, 24), (55, 72), (19, 65), (81, 10), (64, 51), (33, 73), (94, 3), (27, 82), (59, 60), (31, 24), (90, 89), (15, 17), (71, 43), (8, 77), (46, 23), (20, 53), (61, 98), (2, 47), (16, 79), (74, 21), (85, 67), (33, 11), (40, 14), (56, 30), (67, 26), (98, 37), (9, 49), (28, 97), (49, 54), (70, 11), (24, 40), (87, 72), (63, 15), (45, 88), (33, 49), (13, 84), (98, 67), (52, 35), (80, 81)]",0.557305097579956,211.90234375,"[39 31  9 11 17 36  4 14 20 46 29 16  8 43 40 45 37 28 24 44 49 21 27  0
 19 48 34 42 47 12 18 38 41  3 15  6 30  2  7 26 13  1 22 33 32 10  5 23
 35 25]",1388.6678796497474
Known,50,80,50,"[(60, 87), (13, 53), (66, 5), (38, 39), (79, 33), (38, 95), (73, 40), (39, 18), (51, 39), (90, 57), (42, 88), (76, 24), (55, 72), (19, 65), (81, 10), (64, 51), (33, 73), (94, 3), (27, 82), (59, 60), (31, 24), (90, 89), (15, 17), (71, 43), (8, 77), (46, 23), (20, 53), (61, 98), (2, 47), (16, 79), (74, 21), (85, 67), (33, 11), (40, 14), (56, 30), (67, 26), (98, 37), (9, 49), (28, 97), (49, 54), (70, 11), (24, 40), (87, 72), (63, 15), (45, 88), (33, 49), (13, 84), (98, 67), (52, 35), (80, 81)]",3.2952346801757812,215.39453125,"[34 40  2 43  7 33 32 20 41 13 29 46 24  1 37 28 22 25  4 36  9 47 21 49
 27  5 38 18 16 26 45  3 35 30 14 17 11  6 23 15 19 31 42  0 44 10 12 39
  8 48]",804.7329829184434
Known,100,80,50,"[(60, 87), (13, 53), (66, 5), (38, 39), (79, 33), (38, 95), (73, 40), (39, 18), (51, 39), (90, 57), (42, 88), (76, 24), (55, 72), (19, 65), (81, 10), (64, 51), (33, 73), (94, 3), (27, 82), (59, 60), (31, 24), (90, 89), (15, 17), (71, 43), (8, 77), (46, 23), (20, 53), (61, 98), (2, 47), (16, 79), (74, 21), (85, 67), (33, 11), (40, 14), (56, 30), (67, 26), (98, 37), (9, 49), (28, 97), (49, 54), (70, 11), (24, 40), (87, 72), (63, 15), (45, 88), (33, 49), (13, 84), (98, 67), (52, 35), (80, 81)]",5.43008828163147,219.03515625,"[11 30 17 14 40  2 43 20 41 29 18 16 39 12 44 10  5 38 46 24 28 22 32 33
  7 25 34 31 47  9 36 48  8  3 45 26 37  1 13 49 42 21 27  0 19 15 23  6
  4 35]",844.0178824997085
Known,200,80,50,"[(60, 87), (13, 53), (66, 5), (38, 39), (79, 33), (38, 95), (73, 40), (39, 18), (51, 39), (90, 57), (42, 88), (76, 24), (55, 72), (19, 65), (81, 10), (64, 51), (33, 73), (94, 3), (27, 82), (59, 60), (31, 24), (90, 89), (15, 17), (71, 43), (8, 77), (46, 23), (20, 53), (61, 98), (2, 47), (16, 79), (74, 21), (85, 67), (33, 11), (40, 14), (56, 30), (67, 26), (98, 37), (9, 49), (28, 97), (49, 54), (70, 11), (24, 40), (87, 72), (63, 15), (45, 88), (33, 49), (13, 84), (98, 67), (52, 35), (80, 81)]",12.550290584564209,222.5546875,"[ 5 38 18 48 34 43 40 30 11  6 23 31 42 49  0 26  1 24 46 29 27 21 47  9
 25  7 20 32 33 35  4 36 17 14  2 22 28 37 41  3  8 15 19 12 39 45 13 16
 44 10]",926.6403142992821
Known,500,80,50,"[(60, 87), (13, 53), (66, 5), (38, 39), (79, 33), (38, 95), (73, 40), (39, 18), (51, 39), (90, 57), (42, 88), (76, 24), (55, 72), (19, 65), (81, 10), (64, 51), (33, 73), (94, 3), (27, 82), (59, 60), (31, 24), (90, 89), (15, 17), (71, 43), (8, 77), (46, 23), (20, 53), (61, 98), (2, 47), (16, 79), (74, 21), (85, 67), (33, 11), (40, 14), (56, 30), (67, 26), (98, 37), (9, 49), (28, 97), (49, 54), (70, 11), (24, 40), (87, 72), (63, 15), (45, 88), (33, 49), (13, 84), (98, 67), (52, 35), (80, 81)]",28.144429206848145,226.125,"[47 31 42 49 21 27  0 44 10  5 38 46 24 13 37 28 22 20 32 33  7 25 34 35
 14 17 36 48  8  3 45 26  1 41 43  2 40 30 11  4  6 19 12 18 29 16 39 15
 23  9]",761.4340684525027
Known,1000,80,50,"[(60, 87), (13, 53), (66, 5), (38, 39), (79, 33), (38, 95), (73, 40), (39, 18), (51, 39), (90, 57), (42, 88), (76, 24), (55, 72), (19, 65), (81, 10), (64, 51), (33, 73), (94, 3), (27, 82), (59, 60), (31, 24), (90, 89), (15, 17), (71, 43), (8, 77), (46, 23), (20, 53), (61, 98), (2, 47), (16, 79), (74, 21), (85, 67), (33, 11), (40, 14), (56, 30), (67, 26), (98, 37), (9, 49), (28, 97), (49, 54), (70, 11), (24, 40), (87, 72), (63, 15), (45, 88), (33, 49), (13, 84), (98, 67), (52, 35), (80, 81)]",54.574357748031616,229.7109375,"[16 39 19 15 34 48  8  3 45 12  0 27 44 10  5 38  1 37 28 22 32 33  2 40
 14 17 30 11  6 23 31 42 49 21 47  9 36  4 35 43 25  7 20 41 26 13 24 46
 29 18]",726.0055138107343
Known,5000,80,50,"[(60, 87), (13, 53), (66, 5), (38, 39), (79, 33), (38, 95), (73, 40), (39, 18), (51, 39), (90, 57), (42, 88), (76, 24), (55, 72), (19, 65), (81, 10), (64, 51), (33, 73), (94, 3), (27, 82), (59, 60), (31, 24), (90, 89), (15, 17), (71, 43), (8, 77), (46, 23), (20, 53), (61, 98), (2, 47), (16, 79), (74, 21), (85, 67), (33, 11), (40, 14), (56, 30), (67, 26), (98, 37), (9, 49), (28, 97), (49, 54), (70, 11), (24, 40), (87, 72), (63, 15), (45, 88), (33, 49), (13, 84), (98, 67), (52, 35), (80, 81)]",290.4009909629822,233.15625,"[25  7 33 32 22 20 41 28 37  1 26 45 39 31 42 47  9  4 11 30 35  3 13 24
 46 29 16  6 23 15 19 12  0 27 44 10  5 38 18 34 43  2 40 14 17 36 21 49
  8 48]",835.8397170247523
Known,5,100,50,"[(60, 87), (13, 53), (66, 5), (38, 39), (79, 33), (38, 95), (73, 40), (39, 18), (51, 39), (90, 57), (42, 88), (76, 24), (55, 72), (19, 65), (81, 10), (64, 51), (33, 73), (94, 3), (27, 82), (59, 60), (31, 24), (90, 89), (15, 17), (71, 43), (8, 77), (46, 23), (20, 53), (61, 98), (2, 47), (16, 79), (74, 21), (85, 67), (33, 11), (40, 14), (56, 30), (67, 26), (98, 37), (9, 49), (28, 97), (49, 54), (70, 11), (24, 40), (87, 72), (63, 15), (45, 88), (33, 49), (13, 84), (98, 67), (52, 35), (80, 81)]",0.19083833694458008,238.07421875,"[20  2 48 33 25 40 32  7  3 45 28 37 39 19  6  4  9 47 21  0 11 36 17  8
 16 44 10 38  5 12 27 15 29 46 18 24 22 49 35 30 43 14 23 42  1 13 34 41
 31 26]",1549.8312080066057
Known,10,100,50,"[(60, 87), (13, 53), (66, 5), (38, 39), (79, 33), (38, 95), (73, 40), (39, 18), (51, 39), (90, 57), (42, 88), (76, 24), (55, 72), (19, 65), (81, 10), (64, 51), (33, 73), (94, 3), (27, 82), (59, 60), (31, 24), (90, 89), (15, 17), (71, 43), (8, 77), (46, 23), (20, 53), (61, 98), (2, 47), (16, 79), (74, 21), (85, 67), (33, 11), (40, 14), (56, 30), (67, 26), (98, 37), (9, 49), (28, 97), (49, 54), (70, 11), (24, 40), (87, 72), (63, 15), (45, 88), (33, 49), (13, 84), (98, 67), (52, 35), (80, 81)]",0.3922867774963379,241.60546875,"[25  7 43  4 17 32 18 29 26  5 27 16 12 45 39  3 20 34 30 40 41 28  1 37
 22 33 23  6 11 48  8  2 42 47 10 38 44 13 46 24 15 19  0 21 49 35 14 36
  9 31]",1397.4552850536386
Known,50,100,50,"[(60, 87), (13, 53), (66, 5), (38, 39), (79, 33), (38, 95), (73, 40), (39, 18), (51, 39), (90, 57), (42, 88), (76, 24), (55, 72), (19, 65), (81, 10), (64, 51), (33, 73), (94, 3), (27, 82), (59, 60), (31, 24), (90, 89), (15, 17), (71, 43), (8, 77), (46, 23), (20, 53), (61, 98), (2, 47), (16, 79), (74, 21), (85, 67), (33, 11), (40, 14), (56, 30), (67, 26), (98, 37), (9, 49), (28, 97), (49, 54), (70, 11), (24, 40), (87, 72), (63, 15), (45, 88), (33, 49), (13, 84), (98, 67), (52, 35), (80, 81)]",2.150557041168213,243.67578125,"[24  1 37 28 22 32 20 41 45  3 39 26 13 16 10 44 27  0 12 19 15 35  4  6
 23 42 31 47 36 11 30 17 14 40  2 43 33  7 25 34 48  8  9 21 49  5 38 18
 46 29]",785.4871710768144
Known,100,100,50,"[(60, 87), (13, 53), (66, 5), (38, 39), (79, 33), (38, 95), (73, 40), (39, 18), (51, 39), (90, 57), (42, 88), (76, 24), (55, 72), (19, 65), (81, 10), (64, 51), (33, 73), (94, 3), (27, 82), (59, 60), (31, 24), (90, 89), (15, 17), (71, 43), (8, 77), (46, 23), (20, 53), (61, 98), (2, 47), (16, 79), (74, 21), (85, 67), (33, 11), (40, 14), (56, 30), (67, 26), (98, 37), (9, 49), (28, 97), (49, 54), (70, 11), (24, 40), (87, 72), (63, 15), (45, 88), (33, 49), (13, 84), (98, 67), (52, 35), (80, 81)]",4.161424398422241,247.390625,"[23 12  0 44 10 18 16 39 19 31 42 21 49 15  8 48 34 25  7 20  3 45 26 13
 24 29 46 38  5 27 47  9 36  4 35 33 32 22 28 37  1 41 43  2 40 14 17 30
 11  6]",797.7282208352301
Known,200,100,50,"[(60, 87), (13, 53), (66, 5), (38, 39), (79, 33), (38, 95), (73, 40), (39, 18), (51, 39), (90, 57), (42, 88), (76, 24), (55, 72), (19, 65), (81, 10), (64, 51), (33, 73), (94, 3), (27, 82), (59, 60), (31, 24), (90, 89), (15, 17), (71, 43), (8, 77), (46, 23), (20, 53), (61, 98), (2, 47), (16, 79), (74, 21), (85, 67), (33, 11), (40, 14), (56, 30), (67, 26), (98, 37), (9, 49), (28, 97), (49, 54), (70, 11), (24, 40), (87, 72), (63, 15), (45, 88), (33, 49), (13, 84), (98, 67), (52, 35), (80, 81)]",9.35484266281128,250.953125,"[48 11 30 14 17 36  9 47 31 42 21 49 15 19 12  0 27  5 38 18 16  8 34 43
 40  2 33  7 32 22 13 44 10 29 46 24 28 37  1 26 39 23  6  4 35 25 20 41
 45  3]",809.1802130924798
Known,500,100,50,"[(60, 87), (13, 53), (66, 5), (38, 39), (79, 33), (38, 95), (73, 40), (39, 18), (51, 39), (90, 57), (42, 88), (76, 24), (55, 72), (19, 65), (81, 10), (64, 51), (33, 73), (94, 3), (27, 82), (59, 60), (31, 24), (90, 89), (15, 17), (71, 43), (8, 77), (46, 23), (20, 53), (61, 98), (2, 47), (16, 79), (74, 21), (85, 67), (33, 11), (40, 14), (56, 30), (67, 26), (98, 37), (9, 49), (28, 97), (49, 54), (70, 11), (24, 40), (87, 72), (63, 15), (45, 88), (33, 49), (13, 84), (98, 67), (52, 35), (80, 81)]",23.564764261245728,254.5234375,"[ 2 40 14 17 30 11 16 24 46 38  5 10 44  0 12 19 15 23  4 36  9 47 21 49
 27 18 29 13 41 20 22 28 37  1 26 45 39 42 31  6 35 34 48  8  3 25  7 32
 33 43]",807.4029470398435
Known,1000,100,50,"[(60, 87), (13, 53), (66, 5), (38, 39), (79, 33), (38, 95), (73, 40), (39, 18), (51, 39), (90, 57), (42, 88), (76, 24), (55, 72), (19, 65), (81, 10), (64, 51), (33, 73), (94, 3), (27, 82), (59, 60), (31, 24), (90, 89), (15, 17), (71, 43), (8, 77), (46, 23), (20, 53), (61, 98), (2, 47), (16, 79), (74, 21), (85, 67), (33, 11), (40, 14), (56, 30), (67, 26), (98, 37), (9, 49), (28, 97), (49, 54), (70, 11), (24, 40), (87, 72), (63, 15), (45, 88), (33, 49), (13, 84), (98, 67), (52, 35), (80, 81)]",48.61116623878479,258.18359375,"[16 44 10  5 38 18 13 26 41 20  7 33 43  2 40 11  4  6 23  9 31 42 19 15
  8 48 25 32 22 28 37  1 24 46 29 45  3 34 35 30 14 17 36 47 21 49 27  0
 12 39]",756.739757389075
Known,5000,100,50,"[(60, 87), (13, 53), (66, 5), (38, 39), (79, 33), (38, 95), (73, 40), (39, 18), (51, 39), (90, 57), (42, 88), (76, 24), (55, 72), (19, 65), (81, 10), (64, 51), (33, 73), (94, 3), (27, 82), (59, 60), (31, 24), (90, 89), (15, 17), (71, 43), (8, 77), (46, 23), (20, 53), (61, 98), (2, 47), (16, 79), (74, 21), (85, 67), (33, 11), (40, 14), (56, 30), (67, 26), (98, 37), (9, 49), (28, 97), (49, 54), (70, 11), (24, 40), (87, 72), (63, 15), (45, 88), (33, 49), (13, 84), (98, 67), (52, 35), (80, 81)]",246.0881769657135,249.59375,"[30 39 18 38  5 12 19 15 31 42 47 21 49  0 27 44 10 16 13 26 45  3  8 48
 23  6  9 36  4 11 35 34 25  7 33 32 22 28 24 46 29  1 37 41 20 43  2 40
 14 17]",794.5008458636457
Known,5,200,50,"[(60, 87), (13, 53), (66, 5), (38, 39), (79, 33), (38, 95), (73, 40), (39, 18), (51, 39), (90, 57), (42, 88), (76, 24), (55, 72), (19, 65), (81, 10), (64, 51), (33, 73), (94, 3), (27, 82), (59, 60), (31, 24), (90, 89), (15, 17), (71, 43), (8, 77), (46, 23), (20, 53), (61, 98), (2, 47), (16, 79), (74, 21), (85, 67), (33, 11), (40, 14), (56, 30), (67, 26), (98, 37), (9, 49), (28, 97), (49, 54), (70, 11), (24, 40), (87, 72), (63, 15), (45, 88), (33, 49), (13, 84), (98, 67), (52, 35), (80, 81)]",0.20218586921691895,254.390625,"[12 13 29 26 22  7 33 30 35 15 48 41 24 44 10 39 43 40 42 21 14  2 17 36
 11 20  3  4 34 37 16 27 49 47 31  0 46 18  5 38 28  9 19 32  1  8  6 45
 25 23]",1594.5370511180554
Known,10,200,50,"[(60, 87), (13, 53), (66, 5), (38, 39), (79, 33), (38, 95), (73, 40), (39, 18), (51, 39), (90, 57), (42, 88), (76, 24), (55, 72), (19, 65), (81, 10), (64, 51), (33, 73), (94, 3), (27, 82), (59, 60), (31, 24), (90, 89), (15, 17), (71, 43), (8, 77), (46, 23), (20, 53), (61, 98), (2, 47), (16, 79), (74, 21), (85, 67), (33, 11), (40, 14), (56, 30), (67, 26), (98, 37), (9, 49), (28, 97), (49, 54), (70, 11), (24, 40), (87, 72), (63, 15), (45, 88), (33, 49), (13, 84), (98, 67), (52, 35), (80, 81)]",0.40891194343566895,256.51171875,"[29  5 44 12 31 27 10 21  0 19 39  8 17 36 35 11 30 40 23 34  2 22 45 37
 26  7 20 32 14  4 48  3 15 42 49  9 47  6 43 25 33 41 28  1 18 13 38 16
 46 24]",1222.949262274879
Known,50,200,50,"[(60, 87), (13, 53), (66, 5), (38, 39), (79, 33), (38, 95), (73, 40), (39, 18), (51, 39), (90, 57), (42, 88), (76, 24), (55, 72), (19, 65), (81, 10), (64, 51), (33, 73), (94, 3), (27, 82), (59, 60), (31, 24), (90, 89), (15, 17), (71, 43), (8, 77), (46, 23), (20, 53), (61, 98), (2, 47), (16, 79), (74, 21), (85, 67), (33, 11), (40, 14), (56, 30), (67, 26), (98, 37), (9, 49), (28, 97), (49, 54), (70, 11), (24, 40), (87, 72), (63, 15), (45, 88), (33, 49), (13, 84), (98, 67), (52, 35), (80, 81)]",1.9531002044677734,259.99609375,"[14 40  2 33 25 43 30 11  4 23 49 27 21 42 31 19 12 44  0  6 35 34 48  8
  3 45 16 10  5 38 18 29 46 24 13  1 26 41 20  7 32 22 28 37 39 15  9 47
 36 17]",835.8945787910288
Known,100,200,50,"[(60, 87), (13, 53), (66, 5), (38, 39), (79, 33), (38, 95), (73, 40), (39, 18), (51, 39), (90, 57), (42, 88), (76, 24), (55, 72), (19, 65), (81, 10), (64, 51), (33, 73), (94, 3), (27, 82), (59, 60), (31, 24), (90, 89), (15, 17), (71, 43), (8, 77), (46, 23), (20, 53), (61, 98), (2, 47), (16, 79), (74, 21), (85, 67), (33, 11), (40, 14), (56, 30), (67, 26), (98, 37), (9, 49), (28, 97), (49, 54), (70, 11), (24, 40), (87, 72), (63, 15), (45, 88), (33, 49), (13, 84), (98, 67), (52, 35), (80, 81)]",5.194587230682373,263.6640625,"[46 18 38  5 10 44 39  8 48 43 40  2  3 20 32 33  7 25 34 35 30 14 17 11
 15 19 12  0 27 21 49 45 41 22 28 37  1 26 13 31 42 47  9 36  4  6 23 16
 29 24]",838.9494493904846
Known,200,200,50,"[(60, 87), (13, 53), (66, 5), (38, 39), (79, 33), (38, 95), (73, 40), (39, 18), (51, 39), (90, 57), (42, 88), (76, 24), (55, 72), (19, 65), (81, 10), (64, 51), (33, 73), (94, 3), (27, 82), (59, 60), (31, 24), (90, 89), (15, 17), (71, 43), (8, 77), (46, 23), (20, 53), (61, 98), (2, 47), (16, 79), (74, 21), (85, 67), (33, 11), (40, 14), (56, 30), (67, 26), (98, 37), (9, 49), (28, 97), (49, 54), (70, 11), (24, 40), (87, 72), (63, 15), (45, 88), (33, 49), (13, 84), (98, 67), (52, 35), (80, 81)]",9.085740804672241,267.3515625,"[16 18 13 26  1 37 28 24 29 46 38  5 10 44 27 21 47  9 36 17 14 40 30 11
  4  6 23  8  3  7 25 48 34 35 43  2 33 32 22 20 41 45 39 19 15 31 42 49
  0 12]",710.1596312581481
Known,500,200,50,"[(60, 87), (13, 53), (66, 5), (38, 39), (79, 33), (38, 95), (73, 40), (39, 18), (51, 39), (90, 57), (42, 88), (76, 24), (55, 72), (19, 65), (81, 10), (64, 51), (33, 73), (94, 3), (27, 82), (59, 60), (31, 24), (90, 89), (15, 17), (71, 43), (8, 77), (46, 23), (20, 53), (61, 98), (2, 47), (16, 79), (74, 21), (85, 67), (33, 11), (40, 14), (56, 30), (67, 26), (98, 37), (9, 49), (28, 97), (49, 54), (70, 11), (24, 40), (87, 72), (63, 15), (45, 88), (33, 49), (13, 84), (98, 67), (52, 35), (80, 81)]",27.398648738861084,270.859375,"[15 47  9 23  6 35 11  4 36 17 14 30 40  2 43 34 48 25  7 33 32 22 28 37
  1 31 42 49 21 27  0 44  5 38 46 29 24 13 45 39 19 12 10 18 16 26 41 20
  3  8]",784.4969172918253
Known,1000,200,50,"[(60, 87), (13, 53), (66, 5), (38, 39), (79, 33), (38, 95), (73, 40), (39, 18), (51, 39), (90, 57), (42, 88), (76, 24), (55, 72), (19, 65), (81, 10), (64, 51), (33, 73), (94, 3), (27, 82), (59, 60), (31, 24), (90, 89), (15, 17), (71, 43), (8, 77), (46, 23), (20, 53), (61, 98), (2, 47), (16, 79), (74, 21), (85, 67), (33, 11), (40, 14), (56, 30), (67, 26), (98, 37), (9, 49), (28, 97), (49, 54), (70, 11), (24, 40), (87, 72), (63, 15), (45, 88), (33, 49), (13, 84), (98, 67), (52, 35), (80, 81)]",67.35606074333191,266.41015625,"[ 3  8 48 34 43 25  7 33 32 20 22 13 24 46 29 18 38  5 10 44 16  2 40 14
 17 36  9 47 31 42 49 21 27  0 12 19 23  6  4 11 30 35 15 39 45 26  1 37
 28 41]",728.4884387944371
Known,5000,200,50,"[(60, 87), (13, 53), (66, 5), (38, 39), (79, 33), (38, 95), (73, 40), (39, 18), (51, 39), (90, 57), (42, 88), (76, 24), (55, 72), (19, 65), (81, 10), (64, 51), (33, 73), (94, 3), (27, 82), (59, 60), (31, 24), (90, 89), (15, 17), (71, 43), (8, 77), (46, 23), (20, 53), (61, 98), (2, 47), (16, 79), (74, 21), (85, 67), (33, 11), (40, 14), (56, 30), (67, 26), (98, 37), (9, 49), (28, 97), (49, 54), (70, 11), (24, 40), (87, 72), (63, 15), (45, 88), (33, 49), (13, 84), (98, 67), (52, 35), (80, 81)]",297.72324323654175,269.984375,"[21 49  0 27  5 38 46 24 29 10 44 12 19 39  8 48 34  6 23  9 42 31 15 25
  7 33  2 17 14 40 43  3  1 37 28 22 32 20 41 26 13 18 16 45 35 30 11  4
 36 47]",817.0058811825417
